Timestamp,User Count,Type,Name,Requests/s,Failures/s,50%,66%,75%,80%,90%,95%,98%,99%,99.9%,99.99%,100%,Total Request Count,Total Failure Count,Total Median Response Time,Total Average Response Time,Total Min Response Time,Total Max Response Time,Total Average Content Size
1791208558,0,,Aggregated,0.000000,0.000000,N/A,N/A,N/A,N/A,N/A,N/A,N/A,N/A,N/A,N/A,N/A,0,0,0,0.0,0,0,0
1791208559,5,GET,/cpu,0.000000,0.000000,0,0,0,0,0,0,0,0,0,0,0,4,0,790,705.9007920001932,587.6434480005628,839.5733990000736,45.0
1791208559,5,,Aggregated,0.000000,0.000000,0,0,0,0,0,0,0,0,0,0,0,4,0,790,705.9007920001932,587.6434480005628,839.5733990000736,45.0
1791208560,10,GET,/cpu,0.000000,0.000000,0,0,0,0,0,0,0,0,0,0,0,14,0,790,742.3710897858525,413.5727390003012,1121.3763569994626,45.0
1791208560,10,,Aggregated,0.000000,0.000000,790,840,900,990,1100,1100,1100,1100,1100,1100,1100,14,0,790,742.3710897858525,413.5727390003012,1121.3763569994626,45.0
1791208561,10,GET,/cpu,0.000000,0.000000,840,990,1100,1300,1400,1600,1600,1600,1600,1600,1600,22,0,840,846.2499517728164,373.6815740003294,1620.4588519995013,45.0
1791208561,10,,Aggregated,0.000000,0.000000,840,900,1100,1100,1300,1400,1600,1600,1600,1600,1600,22,0,840,846.2499517728164,373.6815740003294,1620.4588519995013,45.0
1791208562,10,GET,/cpu,2.500000,0.000000,840,1100,1400,1400,1500,1600,1600,1600,1600,1600,1600,32,0,840,902.7301964063668,373.6815740003294,1620.4588519995013,45.0
1791208562,10,,Aggregated,2.500000,0.000000,840,1100,1300,1400,1500,1600,1600,1600,1600,1600,1600,32,0,840,902.7301964063668,373.6815740003294,1620.4588519995013,45.0
1791208563,10,GET,/cpu,4.666667,0.000000,840,1300,1400,1500,1500,1600,1600,1600,1600,1600,1600,40,0,840,932.8415348501721,373.6815740003294,1620.4588519995013,45.0
1791208563,10,,Aggregated,4.666667,0.000000,840,1100,1400,1400,1500,1600,1600,1600,1600,1600,1600,40,0,840,932.8415348501721,373.6815740003294,1620.4588519995013,45.0
1791208564,10,GET,/cpu,5.750000,0.000000,840,1400,1500,1500,1500,1600,1600,1600,1600,1600,1600,49,0,820,949.092162428723,373.6815740003294,1620.4588519995013,45.0
1791208564,10,,Aggregated,5.750000,0.000000,820,1300,1400,1500,1500,1600,1600,1600,1600,1600,1600,49,0,820,949.092162428723,373.6815740003294,1620.4588519995013,45.0
1791208565,10,GET,/cpu,6.600000,0.000000,840,1400,1500,1500,1600,1600,1600,1600,1600,1600,1600,59,0,820,968.2160972543604,373.6815740003294,1636.4670860002661,45.0
1791208565,10,,Aggregated,6.600000,0.000000,820,1300,1500,1500,1600,1600,1600,1600,1600,1600,1600,59,0,820,968.2160972543604,373.6815740003294,1636.4670860002661,45.0
1791208566,10,GET,/cpu,6.833333,0.000000,840,1400,1500,1500,1600,1600,1600,1600,1600,1600,1600,68,0,840,987.0560790147921,373.6815740003294,1636.4670860002661,45.0
1791208566,10,,Aggregated,6.833333,0.000000,840,1400,1500,1500,1600,1600,1600,1600,1600,1600,1600,68,0,840,987.0560790147921,373.6815740003294,1636.4670860002661,45.0
1791208567,10,GET,/cpu,7.142857,0.000000,820,1400,1500,1500,1600,1600,1800,1800,1800,1800,1800,78,0,820,989.8068247052253,373.6815740003294,1766.2742100001196,45.0
1791208567,10,,Aggregated,7.142857,0.000000,820,1400,1500,1500,1600,1600,1800,1800,1800,1800,1800,78,0,820,989.8068247052253,373.6815740003294,1766.2742100001196,45.0
1791208568,10,GET,/cpu,7.500000,0.000000,820,1400,1500,1500,1600,1600,1800,1800,1800,1800,1800,86,0,820,1002.0263082791603,373.6815740003294,1811.7794200006756,45.0
1791208568,10,,Aggregated,7.500000,0.000000,820,1400,1500,1500,1600,1600,1800,1800,1800,1800,1800,86,0,820,1002.0263082791603,373.6815740003294,1811.7794200006756,45.0
1791208569,10,GET,/cpu,7.666667,0.000000,840,1400,1500,1500,1600,1800,1900,2000,2000,2000,2000,94,0,840,1018.3208651915849,373.6815740003294,1964.3859880006858,45.0
1791208569,10,,Aggregated,7.666667,0.000000,840,1400,1500,1500,1600,1800,1900,2000,2000,2000,2000,94,0,840,1018.3208651915849,373.6815740003294,1964.3859880006858,45.0
1791208570,10,GET,/cpu,7.800000,0.000000,970,1500,1500,1500,1600,1800,1900,2000,2000,2000,2000,102,0,870,1031.2011292353866,373.6815740003294,1964.3859880006858,45.0
1791208570,10,,Aggregated,7.800000,0.000000,970,1500,1500,1500,1600,1800,1900,2000,2000,2000,2000,102,0,870,1031.2011292353866,373.6815740003294,1964.3859880006858,45.0
1791208571,10,GET,/cpu,8.600000,0.000000,970,1500,1500,1600,1700,1800,1900,2000,2000,2000,2000,110,0,870,1033.2148897546258,373.6815740003294,1964.3859880006858,45.0
1791208571,10,,Aggregated,8.600000,0.000000,970,1500,1500,1600,1700,1800,1900,2000,2000,2000,2000,110,0,870,1033.2148897546258,373.6815740003294,1964.3859880006858,45.0
1791208572,10,GET,/cpu,8.900000,0.000000,1300,1500,1500,1600,1800,1800,1900,2000,2000,2000,2000,120,0,900,1048.4051660083878,373.6815740003294,1964.3859880006858,45.0
1791208572,10,,Aggregated,8.900000,0.000000,1300,1500,1500,1600,1800,1800,1900,2000,2000,2000,2000,120,0,900,1048.4051660083878,373.6815740003294,1964.3859880006858,45.0
1791208573,10,GET,/cpu,8.900000,0.000000,1300,1500,1600,1600,1800,1800,1900,2000,2000,2000,2000,129,0,870,1048.8678190543208,373.6815740003294,1964.3859880006858,45.0
1791208573,10,,Aggregated,8.900000,0.000000,1300,1500,1600,1600,1800,1800,1900,2000,2000,2000,2000,129,0,870,1048.8678190543208,373.6815740003294,1964.3859880006858,45.0
1791208574,10,GET,/cpu,8.900000,0.000000,970,1400,1500,1600,1800,1800,1900,2000,2000,2000,2000,138,0,870,1043.4085320000609,373.6815740003294,1964.3859880006858,45.0
1791208574,10,,Aggregated,8.900000,0.000000,970,1400,1500,1600,1800,1800,1900,2000,2000,2000,2000,138,0,870,1043.4085320000609,373.6815740003294,1964.3859880006858,45.0
1791208575,10,GET,/cpu,8.800000,0.000000,970,1400,1600,1600,1800,1800,1900,2000,2000,2000,2000,147,0,870,1048.5900757143481,373.6815740003294,1964.3859880006858,45.0
1791208575,10,,Aggregated,8.800000,0.000000,970,1400,1600,1600,1800,1800,1900,2000,2000,2000,2000,147,0,870,1048.5900757143481,373.6815740003294,1964.3859880006858,45.0
1791208576,10,GET,/cpu,8.900000,0.000000,1200,1400,1600,1600,1800,1800,1900,2000,2000,2000,2000,157,0,870,1050.522670617909,373.6815740003294,1964.3859880006858,45.0
1791208576,10,,Aggregated,8.900000,0.000000,1200,1400,1600,1600,1800,1800,1900,2000,2000,2000,2000,157,0,870,1050.522670617909,373.6815740003294,1964.3859880006858,45.0
1791208577,10,GET,/cpu,9.000000,0.000000,1200,1400,1500,1600,1700,1800,1900,2000,2000,2000,2000,165,0,870,1050.2339433152276,373.6815740003294,1964.3859880006858,45.0
1791208577,10,,Aggregated,9.000000,0.000000,1200,1400,1500,1600,1700,1800,1900,2000,2000,2000,2000,165,0,870,1050.2339433152276,373.6815740003294,1964.3859880006858,45.0
1791208578,10,GET,/cpu,8.900000,0.000000,1300,1400,1600,1600,1700,1800,1900,2000,2000,2000,2000,174,0,910,1060.3538611724814,373.6815740003294,1964.3859880006858,45.0
1791208578,10,,Aggregated,8.900000,0.000000,1300,1400,1600,1600,1700,1800,1900,2000,2000,2000,2000,174,0,910,1060.3538611724814,373.6815740003294,1964.3859880006858,45.0
1791208578,10,GET,/cpu,8.900000,0.000000,1200,1400,1600,1600,1700,1800,1900,2000,2000,2000,2000,183,0,900,1062.2446809071744,373.6815740003294,1964.3859880006858,45.0
1791208578,10,,Aggregated,8.900000,0.000000,1200,1400,1600,1600,1700,1800,1900,2000,2000,2000,2000,183,0,900,1062.2446809071744,373.6815740003294,1964.3859880006858,45.0
1791208579,10,GET,/cpu,8.900000,0.000000,1200,1400,1600,1600,1700,1800,1900,1900,1900,1900,1900,191,0,900,1064.0122861152495,373.6815740003294,1964.3859880006858,45.0
1791208579,10,,Aggregated,8.900000,0.000000,1200,1400,1600,1600,1700,1800,1900,1900,1900,1900,1900,191,0,900,1064.0122861152495,373.6815740003294,1964.3859880006858,45.0
1791208580,10,GET,/cpu,9.000000,0.000000,910,1400,1500,1600,1700,1800,1800,1900,1900,1900,1900,200,0,900,1062.7377348000527,373.6815740003294,1964.3859880006858,45.0
1791208580,10,,Aggregated,9.000000,0.000000,910,1400,1500,1600,1700,1800,1800,1900,1900,1900,1900,200,0,900,1062.7377348000527,373.6815740003294,1964.3859880006858,45.0
1791208581,10,GET,/cpu,9.000000,0.000000,910,1400,1600,1600,1700,1800,1800,1900,1900,1900,1900,208,0,900,1063.589909716392,373.6815740003294,1964.3859880006858,45.0
1791208581,10,,Aggregated,9.000000,0.000000,910,1400,1600,1600,1700,1800,1800,1900,1900,1900,1900,208,0,900,1063.589909716392,373.6815740003294,1964.3859880006858,45.0
1791208582,10,GET,/cpu,10.500000,0.000000,1200,1400,1600,1600,1700,1700,1800,1900,1900,1900,1900,219,0,900,1063.8697154521044,373.6815740003294,1964.3859880006858,45.0
1791208582,10,,Aggregated,10.500000,0.000000,1200,1400,1600,1600,1700,1700,1800,1900,1900,1900,1900,219,0,900,1063.8697154521044,373.6815740003294,1964.3859880006858,45.0
1791208583,10,GET,/cpu,10.500000,0.000000,1200,1400,1600,1600,1700,1700,1800,1900,1900,1900,1900,228,0,900,1062.363068136017,373.6815740003294,1964.3859880006858,45.0
1791208583,10,,Aggregated,10.500000,0.000000,1200,1400,1600,1600,1700,1700,1800,1900,1900,1900,1900,228,0,900,1062.363068136017,373.6815740003294,1964.3859880006858,45.0
1791208584,10,GET,/cpu,10.600000,0.000000,910,1400,1500,1600,1700,1700,1800,1900,1900,1900,1900,237,0,900,1065.883458767987,373.6815740003294,1964.3859880006858,45.0
1791208584,10,,Aggregated,10.600000,0.000000,910,1400,1500,1600,1700,1700,1800,1900,1900,1900,1900,237,0,900,1065.883458767987,373.6815740003294,1964.3859880006858,45.0
1791208585,10,GET,/cpu,10.500000,0.000000,910,1400,1500,1600,1700,1700,1800,1900,1900,1900,1900,246,0,900,1061.4459997195625,373.6815740003294,1964.3859880006858,45.0
1791208585,10,,Aggregated,10.500000,0.000000,910,1400,1500,1600,1700,1700,1800,1900,1900,1900,1900,246,0,900,1061.4459997195625,373.6815740003294,1964.3859880006858,45.0
1791208586,10,GET,/cpu,10.600000,0.000000,910,1400,1500,1600,1700,1700,1800,1900,1900,1900,1900,255,0,870,1060.5900906471124,373.6815740003294,1964.3859880006858,45.0
1791208586,10,,Aggregated,10.600000,0.000000,910,1400,1500,1600,1700,1700,1800,1900,1900,1900,1900,255,0,870,1060.5900906471124,373.6815740003294,1964.3859880006858,45.0
1791208587,10,GET,/cpu,10.500000,0.000000,830,1400,1500,1600,1700,1700,1800,1800,1800,1800,1800,264,0,900,1065.1740022765669,373.6815740003294,1964.3859880006858,45.0
1791208587,10,,Aggregated,10.500000,0.000000,830,1400,1500,1600,1700,1700,1800,1800,1800,1800,1800,264,0,900,1065.1740022765669,373.6815740003294,1964.3859880006858,45.0
1791208588,10,GET,/cpu,10.500000,0.000000,800,1400,1500,1600,1700,1700,1800,1800,1800,1800,1800,279,6,840,1040.8813983441353,1.1997629999314086,1964.3859880006858,48.11827956989247
1791208588,10,,Aggregated,10.500000,0.000000,800,1400,1500,1600,1700,1700,1800,1800,1800,1800,1800,279,6,840,1040.8813983441353,1.1997629999314086,1964.3859880006858,48.11827956989247
1791208589,10,GET,/cpu,10.400000,0.000000,2,2,500,620,1400,1600,1700,1700,1800,1800,1800,502,221,520,598.0803149083981,0.8267069997600629,1964.3859880006858,108.83466135458167
1791208589,10,,Aggregated,10.400000,0.000000,2,2,500,620,1400,1600,1700,1700,1800,1800,1800,502,221,520,598.0803149083981,0.8267069997600629,1964.3859880006858,108.83466135458167
1791208590,10,GET,/cpu,10.400000,0.000000,1,2,2,2,520,1400,1600,1700,1800,1800,1800,813,532,2,369.8603271021032,0.7880030007072492,1964.3859880006858,139.8831488314883
1791208590,10,,Aggregated,10.400000,0.000000,1,2,2,2,520,1400,1600,1700,1800,1800,1800,813,532,2,369.8603271021032,0.7880030007072492,1964.3859880006858,139.8831488314883
1791208591,10,GET,/cpu,27.800000,18.400000,1,2,2,2,3,670,1500,1600,1800,1800,1800,1127,846,2,267.23759774447063,0.7880030007072492,1964.3859880006858,153.84649511978705
1791208591,10,,Aggregated,27.800000,18.400000,1,2,2,2,3,670,1500,1600,1800,1800,1800,1127,846,2,267.23759774447063,0.7880030007072492,1964.3859880006858,153.84649511978705
1791208592,10,GET,/cpu,57.100000,48.900000,1,2,2,2,2,4,1400,1500,1800,1800,1800,1417,1136,2,212.87476251447893,0.7880030007072492,1964.3859880006858,161.24558927311222
1791208592,10,,Aggregated,57.100000,48.900000,1,2,2,2,2,4,1400,1500,1800,1800,1800,1417,1136,2,212.87476251447893,0.7880030007072492,1964.3859880006858,161.24558927311222
1791208593,10,GET,/cpu,87.000000,79.700000,1,2,2,2,2,4,1000,1500,1800,1800,1800,1427,1136,2,215.55657857534413,0.7880030007072492,1964.3859880006858,160.43097407147863
1791208593,10,,Aggregated,87.000000,79.700000,1,2,2,2,2,4,1000,1500,1800,1800,1800,1427,1136,2,215.55657857534413,0.7880030007072492,1964.3859880006858,160.43097407147863
1791208594,10,GET,/cpu,117.400000,111.100000,1,2,2,2,2,4,990,1500,1800,1800,1800,1435,1136,2,220.4906300850293,0.7880030007072492,1964.3859880006858,159.78745644599303
1791208594,10,,Aggregated,117.400000,111.100000,1,2,2,2,2,4,990,1500,1800,1800,1800,1435,1136,2,220.4906300850293,0.7880030007072492,1964.3859880006858,159.78745644599303
1791208595,10,GET,/cpu,117.400000,111.100000,1,2,2,2,2,4,990,1400,1800,1800,1800,1443,1136,2,225.31943796813374,0.7880030007072492,1964.3859880006858,159.15107415107414
1791208595,10,,Aggregated,117.400000,111.100000,1,2,2,2,2,4,990,1400,1800,1800,1800,1443,1136,2,225.31943796813374,0.7880030007072492,1964.3859880006858,159.15107415107414
1791208596,10,GET,/cpu,119.800000,113.600000,1,2,2,2,2,5,1200,1300,1600,1600,1600,1455,1136,2,231.7591485299075,0.7880030007072492,1964.3859880006858,158.20962199312714
1791208596,10,,Aggregated,119.800000,113.600000,1,2,2,2,2,5,1200,1300,1600,1600,1600,1455,1136,2,231.7591485299075,0.7880030007072492,1964.3859880006858,158.20962199312714
1791208597,10,GET,/cpu,119.800000,113.600000,1,2,2,2,2,4,1000,1300,1500,1600,1600,1463,1136,2,236.29803010732388,0.7880030007072492,1964.3859880006858,157.59056732740945
1791208597,10,,Aggregated,119.800000,113.600000,1,2,2,2,2,4,1000,1300,1500,1600,1600,1463,1136,2,236.29803010732388,0.7880030007072492,1964.3859880006858,157.59056732740945
1791208598,10,GET,/cpu,119.800000,113.600000,1,2,2,2,2,480,1200,1300,1400,1400,1400,1471,1136,2,241.22325497757612,0.7880030007072492,1964.3859880006858,156.9782460910945
1791208598,10,,Aggregated,119.800000,113.600000,1,2,2,2,2,480,1200,1300,1400,1400,1400,1471,1136,2,241.22325497757612,0.7880030007072492,1964.3859880006858,156.9782460910945
1791208599,10,GET,/cpu,120.000000,113.600000,2,2,2,2,3,890,1300,1300,1400,1400,1400,1481,1136,2,246.86323799933436,0.7880030007072492,1964.3859880006858,156.2221471978393
1791208599,10,,Aggregated,120.000000,113.600000,2,2,2,2,3,890,1300,1300,1400,1400,1400,1481,1136,2,246.86323799933436,0.7880030007072492,1964.3859880006858,156.2221471978393
1791208600,10,GET,/cpu,119.900000,113.600000,2,2,2,3,880,1200,1300,1300,1400,1400,1400,1491,1136,2,251.5637301093327,0.7880030007072492,1964.3859880006858,155.47619047619048
1791208600,10,,Aggregated,119.900000,113.600000,2,2,2,3,880,1200,1300,1300,1400,1400,1400,1491,1136,2,251.5637301093327,0.7880030007072492,1964.3859880006858,155.47619047619048
1791208601,10,GET,/cpu,101.400000,95.200000,860,990,1200,1300,1300,1300,1400,1400,1500,1500,1500,1499,1136,2,256.36979120548,0.7880030007072492,1964.3859880006858,154.88659106070713
1791208601,10,,Aggregated,101.400000,95.200000,860,990,1200,1300,1300,1300,1400,1400,1500,1500,1500,1499,1136,2,256.36979120548,0.7880030007072492,1964.3859880006858,154.88659106070713
1791208602,10,GET,/cpu,71.900000,64.700000,990,1200,1300,1300,1300,1400,1400,1500,1500,1500,1500,1508,1136,2,261.1707009423183,0.7880030007072492,1964.3859880006858,154.23076923076923
1791208602,10,,Aggregated,71.900000,64.700000,990,1200,1300,1300,1300,1400,1400,1500,1500,1500,1500,1508,1136,2,261.1707009423183,0.7880030007072492,1964.3859880006858,154.23076923076923
1791208603,10,GET,/cpu,42.000000,33.900000,1100,1200,1300,1300,1300,1400,1400,1500,1500,1500,1500,1519,1136,2,266.6682551395749,0.7880030007072492,1964.3859880006858,153.439763001975
1791208603,10,,Aggregated,42.000000,33.900000,1100,1200,1300,1300,1300,1400,1400,1500,1500,1500,1500,1519,1136,2,266.6682551395749,0.7880030007072492,1964.3859880006858,153.439763001975
1791208604,10,GET,/cpu,11.500000,2.500000,1100,1200,1300,1300,1300,1400,1400,1500,1500,1500,1500,1527,1136,2,270.98684590177766,0.7880030007072492,1964.3859880006858,152.871643745907
1791208604,10,,Aggregated,11.500000,2.500000,1100,1200,1300,1300,1300,1400,1400,1500,1500,1500,1500,1527,1136,2,270.98684590177766,0.7880030007072492,1964.3859880006858,152.871643745907
1791208605,10,GET,/cpu,11.500000,2.500000,1100,1200,1300,1300,1300,1400,1400,1500,1500,1500,1500,1536,1136,2,275.5479690026127,0.7880030007072492,1964.3859880006858,152.23958333333334
1791208605,10,,Aggregated,11.500000,2.500000,1100,1200,1300,1300,1300,1400,1400,1500,1500,1500,1500,1536,1136,2,275.5479690026127,0.7880030007072492,1964.3859880006858,152.23958333333334
1791208606,10,GET,/cpu,9.100000,0.000000,1100,1200,1300,1300,1300,1400,1400,1500,1500,1500,1500,1545,1136,2,279.84333811457077,0.7880030007072492,1964.3859880006858,151.61488673139158
1791208606,10,,Aggregated,9.100000,0.000000,1100,1200,1300,1300,1300,1400,1400,1500,1500,1500,1500,1545,1136,2,279.84333811457077,0.7880030007072492,1964.3859880006858,151.61488673139158
1791208607,10,GET,/cpu,9.300000,0.000000,1100,1200,1300,1300,1300,1400,1400,1500,1500,1500,1500,1555,1136,2,285.40578541672886,0.7880030007072492,1964.3859880006858,150.92926045016077
1791208607,10,,Aggregated,9.300000,0.000000,1100,1200,1300,1300,1300,1400,1400,1500,1500,1500,1500,1555,1136,2,285.40578541672886,0.7880030007072492,1964.3859880006858,150.92926045016077
1791208608,10,GET,/cpu,9.300000,0.000000,1100,1200,1200,1300,1300,1400,1400,1500,1500,1500,1500,1564,1136,2,289.64563629924237,0.7880030007072492,1964.3859880006858,150.31969309462914
1791208608,10,,Aggregated,9.300000,0.000000,1100,1200,1200,1300,1300,1400,1400,1500,1500,1500,1500,1564,1136,2,289.64563629924237,0.7880030007072492,1964.3859880006858,150.31969309462914
1791208609,10,GET,/cpu,8.900000,0.000000,1000,1200,1300,1300,1400,1400,1500,1600,1600,1600,1600,1572,1136,2,294.0076404185846,0.7880030007072492,1964.3859880006858,149.78371501272264
1791208609,10,,Aggregated,8.900000,0.000000,1000,1200,1300,1300,1400,1400,1500,1600,1600,1600,1600,1572,1136,2,294.0076404185846,0.7880030007072492,1964.3859880006858,149.78371501272264
1791208608,10,GET,/cpu,9.300000,0.000000,1100,1200,1300,1300,1400,1400,1500,1600,1600,1600,1600,1581,1136,2,298.59871060785156,0.7880030007072492,1964.3859880006858,149.18722327640734
1791208608,10,,Aggregated,9.300000,0.000000,1100,1200,1300,1300,1400,1400,1500,1600,1600,1600,1600,1581,1136,2,298.59871060785156,0.7880030007072492,1964.3859880006858,149.18722327640734
1791208609,10,GET,/cpu,8.900000,0.000000,1000,1200,1300,1300,1400,1400,1500,1600,1600,1600,1600,1590,1136,2,302.64342378931633,0.7880030007072492,1964.3859880006858,148.59748427672955
1791208609,10,,Aggregated,8.900000,0.000000,1000,1200,1300,1300,1400,1400,1500,1600,1600,1600,1600,1590,1136,2,302.64342378931633,0.7880030007072492,1964.3859880006858,148.59748427672955
1791208610,10,GET,/cpu,9.100000,0.000000,1100,1200,1300,1300,1400,1400,1500,1600,1600,1600,1600,1600,1136,2,307.22111705438294,0.7880030007072492,1964.3859880006858,147.95
1791208610,10,,Aggregated,9.100000,0.000000,1100,1200,1300,1300,1400,1400,1500,1600,1600,1600,1600,1600,1136,2,307.22111705438294,0.7880030007072492,1964.3859880006858,147.95
1791208611,10,GET,/cpu,9.800000,0.000000,1100,1200,1300,1300,1400,1400,1500,1600,1600,1600,1600,1609,1136,2,311.215892169057,0.7880030007072492,1964.3859880006858,147.3741454319453
1791208611,10,,Aggregated,9.800000,0.000000,1100,1200,1300,1300,1400,1400,1500,1600,1600,1600,1600,1609,1136,2,311.215892169057,0.7880030007072492,1964.3859880006858,147.3741454319453
1791208612,10,GET,/cpu,10.700000,0.000000,1100,1200,1200,1300,1400,1400,1500,1600,1600,1600,1600,1619,1136,2,315.70658493453516,0.7880030007072492,1964.3859880006858,146.74181593576282
1791208612,10,,Aggregated,10.700000,0.000000,1100,1200,1200,1300,1400,1400,1500,1600,1600,1600,1600,1619,1136,2,315.70658493453516,0.7880030007072492,1964.3859880006858,146.74181593576282
1791208613,10,GET,/cpu,10.600000,0.000000,1100,1200,1200,1300,1400,1400,1500,1600,1600,1600,1600,1627,1136,2,319.828252011686,0.7880030007072492,1964.3859880006858,146.24154886293792
1791208613,10,,Aggregated,10.600000,0.000000,1100,1200,1200,1300,1400,1400,1500,1600,1600,1600,1600,1627,1136,2,319.828252011686,0.7880030007072492,1964.3859880006858,146.24154886293792
1791208614,10,GET,/cpu,10.800000,0.000000,1100,1200,1300,1300,1400,1400,1600,1600,1600,1600,1600,1635,1136,2,323.9097478354815,0.7880030007072492,1964.3859880006858,145.74617737003058
1791208614,10,,Aggregated,10.800000,0.000000,1100,1200,1300,1300,1400,1400,1600,1600,1600,1600,1600,1635,1136,2,323.9097478354815,0.7880030007072492,1964.3859880006858,145.74617737003058
1791208615,10,GET,/cpu,10.700000,0.000000,1100,1200,1300,1300,1400,1400,1500,1600,1600,1600,1600,1645,1136,2,328.4269876863297,0.7880030007072492,1964.3859880006858,145.1337386018237
1791208615,10,,Aggregated,10.700000,0.000000,1100,1200,1300,1300,1400,1400,1500,1600,1600,1600,1600,1645,1136,2,328.4269876863297,0.7880030007072492,1964.3859880006858,145.1337386018237
1791208616,10,GET,/cpu,10.600000,0.000000,1100,1200,1300,1300,1400,1400,1500,1600,1600,1600,1600,1655,1136,2,332.6560307136027,0.7880030007072492,1964.3859880006858,144.5287009063444
1791208616,10,,Aggregated,10.600000,0.000000,1100,1200,1300,1300,1400,1400,1500,1600,1600,1600,1600,1655,1136,2,332.6560307136027,0.7880030007072492,1964.3859880006858,144.5287009063444
1791208617,10,GET,/cpu,10.400000,0.000000,1100,1200,1300,1300,1300,1400,1500,1600,1600,1600,1600,1663,1136,2,336.1990006813066,0.7880030007072492,1964.3859880006858,144.04990980156344
1791208617,10,,Aggregated,10.400000,0.000000,1100,1200,1300,1300,1300,1400,1500,1600,1600,1600,1600,1663,1136,2,336.1990006813066,0.7880030007072492,1964.3859880006858,144.04990980156344
1791208618,10,GET,/cpu,10.700000,0.000000,1100,1200,1300,1300,1300,1300,1400,1400,1400,1400,1400,1672,1136,2,340.24144471352463,0.7880030007072492,1964.3859880006858,143.51674641148324
1791208618,10,,Aggregated,10.700000,0.000000,1100,1200,1300,1300,1300,1300,1400,1400,1400,1400,1400,1672,1136,2,340.24144471352463,0.7880030007072492,1964.3859880006858,143.51674641148324
1791208619,10,GET,/cpu,10.700000,0.000000,1200,1200,1300,1300,1300,1400,1400,1500,1500,1500,1500,1680,1136,2,344.146374107746,0.7880030007072492,1964.3859880006858,143.04761904761904
1791208619,10,,Aggregated,10.700000,0.000000,1200,1200,1300,1300,1300,1400,1400,1500,1500,1500,1500,1680,1136,2,344.146374107746,0.7880030007072492,1964.3859880006858,143.04761904761904
1791208620,10,GET,/cpu,10.600000,0.000000,1200,1200,1300,1300,1400,1400,1500,1500,1500,1500,1500,1690,1136,2,348.753597187581,0.7880030007072492,1964.3859880006858,142.46745562130178
1791208620,10,,Aggregated,10.600000,0.000000,1200,1200,1300,1300,1400,1400,1500,1500,1500,1500,1500,1690,1136,2,348.753597187581,0.7880030007072492,1964.3859880006858,142.46745562130178
1791208621,10,GET,/cpu,9.900000,0.000000,1200,1300,1300,1300,1400,1400,1500,1500,1500,1500,1500,1698,1136,2,352.2017824517143,0.7880030007072492,1964.3859880006858,142.00824499411073
1791208621,10,,Aggregated,9.900000,0.000000,1200,1300,1300,1300,1400,1400,1500,1500,1500,1500,1500,1698,1136,2,352.2017824517143,0.7880030007072492,1964.3859880006858,142.00824499411073
1791208622,10,GET,/cpu,8.900000,0.000000,1200,1300,1300,1300,1400,1400,1500,1500,1500,1500,1500,1707,1136,2,356.1516588629234,0.7880030007072492,1964.3859880006858,141.49677797305213
1791208622,10,,Aggregated,8.900000,0.000000,1200,1300,1300,1300,1400,1400,1500,1500,1500,1500,1500,1707,1136,2,356.1516588629234,0.7880030007072492,1964.3859880006858,141.49677797305213
1791208623,10,GET,/cpu,9.000000,0.000000,1100,1200,1300,1300,1400,1400,1500,1500,1500,1500,1500,1718,1136,2,360.5003915739277,0.7880030007072492,1964.3859880006858,140.8789289871944
1791208623,10,,Aggregated,9.000000,0.000000,1100,1200,1300,1300,1400,1400,1500,1500,1500,1500,1500,1718,1136,2,360.5003915739277,0.7880030007072492,1964.3859880006858,140.8789289871944
1791208624,10,GET,/cpu,8.700000,0.000000,1100,1200,1300,1300,1400,1400,1500,1500,1500,1500,1500,1726,1136,2,363.5468980550456,0.7880030007072492,1964.3859880006858,140.43453070683663
1791208624,10,,Aggregated,8.700000,0.000000,1100,1200,1300,1300,1400,1400,1500,1500,1500,1500,1500,1726,1136,2,363.5468980550456,0.7880030007072492,1964.3859880006858,140.43453070683663
1791208625,10,GET,/cpu,9.100000,0.000000,1100,1200,1300,1300,1400,1400,1500,1500,1500,1500,1500,1734,1136,2,366.74869540888574,0.7880030007072492,1964.3859880006858,139.99423298731259
1791208625,10,,Aggregated,9.100000,0.000000,1100,1200,1300,1300,1400,1400,1500,1500,1500,1500,1500,1734,1136,2,366.74869540888574,0.7880030007072492,1964.3859880006858,139.99423298731259
1791208626,10,GET,/cpu,9.100000,0.000000,1100,1300,1300,1300,1400,1400,1500,1500,1500,1500,1500,1745,1136,2,371.352408571925,0.7880030007072492,1964.3859880006858,139.39541547277938
1791208626,10,,Aggregated,9.100000,0.000000,1100,1300,1300,1300,1400,1400,1500,1500,1500,1500,1500,1745,1136,2,371.352408571925,0.7880030007072492,1964.3859880006858,139.39541547277938
1791208627,10,GET,/cpu,9.000000,0.000000,1100,1300,1300,1300,1400,1400,1500,1500,1500,1500,1500,1754,1136,2,375.1679700889452,0.7880030007072492,1964.3859880006858,138.91106043329532
1791208627,10,,Aggregated,9.000000,0.000000,1100,1300,1300,1300,1400,1400,1500,1500,1500,1500,1500,1754,1136,2,375.1679700889452,0.7880030007072492,1964.3859880006858,138.91106043329532
1791208628,10,GET,/cpu,8.800000,0.000000,1100,1300,1300,1300,1400,1400,1500,1500,1500,1500,1500,1762,1136,2,378.39626278774625,0.7880030007072492,1964.3859880006858,138.48467650397276
1791208628,10,,Aggregated,8.800000,0.000000,1100,1300,1300,1300,1400,1400,1500,1500,1500,1500,1500,1762,1136,2,378.39626278774625,0.7880030007072492,1964.3859880006858,138.48467650397276
1791208629,10,GET,/cpu,9.100000,0.000000,1100,1200,1300,1300,1400,1400,1500,1500,1500,1500,1500,1772,1136,2,381.7926939362353,0.7880030007072492,1964.3859880006858,137.95711060948082
1791208629,10,,Aggregated,9.100000,0.000000,1100,1200,1300,1300,1400,1400,1500,1500,1500,1500,1500,1772,1136,2,381.7926939362353,0.7880030007072492,1964.3859880006858,137.95711060948082
1791208630,10,GET,/cpu,9.000000,0.000000,1100,1200,1300,1300,1400,1400,1500,1500,1500,1500,1500,1780,1136,2,385.1701417207917,0.7880030007072492,1964.3859880006858,137.53932584269663
1791208630,10,,Aggregated,9.000000,0.000000,1100,1200,1300,1300,1400,1400,1500,1500,1500,1500,1500,1780,1136,2,385.1701417207917,0.7880030007072492,1964.3859880006858,137.53932584269663
1791208631,10,GET,/cpu,9.100000,0.000000,1100,1200,1300,1300,1300,1400,1500,1500,1500,1500,1500,1790,1136,2,389.4989896379934,0.7880030007072492,1964.3859880006858,137.0223463687151
1791208631,10,,Aggregated,9.100000,0.000000,1100,1200,1300,1300,1300,1400,1500,1500,1500,1500,1500,1790,1136,2,389.4989896379934,0.7880030007072492,1964.3859880006858,137.0223463687151
1791208632,10,GET,/cpu,9.000000,0.000000,1100,1200,1300,1300,1300,1400,1500,1500,1500,1500,1500,1798,1136,2,392.24435211179576,0.7880030007072492,1964.3859880006858,136.61290322580646
1791208632,10,,Aggregated,9.000000,0.000000,1100,1200,1300,1300,1300,1400,1500,1500,1500,1500,1500,1798,1136,2,392.24435211179576,0.7880030007072492,1964.3859880006858,136.61290322580646
1791208633,10,GET,/cpu,8.900000,0.000000,1200,1300,1300,1300,1300,1400,1500,1500,1500,1500,1500,1807,1136,2,395.6401814349796,0.7880030007072492,1964.3859880006858,136.15661317100165
1791208633,10,,Aggregated,8.900000,0.000000,1200,1300,1300,1300,1300,1400,1500,1500,1500,1500,1500,1807,1136,2,395.6401814349796,0.7880030007072492,1964.3859880006858,136.15661317100165
1791208634,10,GET,/cpu,9.200000,0.000000,1200,1300,1300,1300,1400,1400,1500,1500,1500,1500,1500,1814,1136,2,398.31954627122764,0.7880030007072492,1964.3859880006858,135.80485115766263
1791208634,10,,Aggregated,9.200000,0.000000,1200,1300,1300,1300,1400,1400,1500,1500,1500,1500,1500,1814,1136,2,398.31954627122764,0.7880030007072492,1964.3859880006858,135.80485115766263
1791208635,10,GET,/cpu,8.900000,0.000000,1200,1300,1300,1300,1400,1500,1500,1600,1600,1600,1600,1823,1136,2,402.7011353938601,0.7880030007072492,1964.3859880006858,135.35655512890838
1791208635,10,,Aggregated,8.900000,0.000000,1200,1300,1300,1300,1400,1500,1500,1600,1600,1600,1600,1823,1136,2,402.7011353938601,0.7880030007072492,1964.3859880006858,135.35655512890838
1791208636,10,GET,/cpu,8.900000,0.000000,1200,1300,1300,1300,1400,1500,1500,1600,1600,1600,1600,1834,1136,2,406.7106020665237,0.7880030007072492,1964.3859880006858,134.814612868048
1791208636,10,,Aggregated,8.900000,0.000000,1200,1300,1300,1300,1400,1500,1500,1600,1600,1600,1600,1834,1136,2,406.7106020665237,0.7880030007072492,1964.3859880006858,134.814612868048
1791208637,10,GET,/cpu,8.900000,0.000000,1200,1300,1300,1300,1400,1500,1500,1600,1600,1600,1600,1842,1136,2,409.8436552372446,0.7880030007072492,1964.3859880006858,134.4245385450597
1791208637,10,,Aggregated,8.900000,0.000000,1200,1300,1300,1300,1400,1500,1500,1600,1600,1600,1600,1842,1136,2,409.8436552372446,0.7880030007072492,1964.3859880006858,134.4245385450597
1791208638,10,GET,/cpu,8.900000,0.000000,1200,1300,1300,1300,1400,1500,1500,1600,1600,1600,1600,1850,1136,2,412.64155670919126,0.7880030007072492,1964.3859880006858,134.03783783783783
1791208638,10,,Aggregated,8.900000,0.000000,1200,1300,1300,1300,1400,1500,1500,1600,1600,1600,1600,1850,1136,2,412.64155670919126,0.7880030007072492,1964.3859880006858,134.03783783783783
1791208639,10,GET,/cpu,8.700000,0.000000,1200,1300,1300,1300,1400,1500,1500,1600,1600,1600,1600,1859,1136,2,416.12020266326215,0.7880030007072492,1964.3859880006858,133.60677783754707
1791208639,10,,Aggregated,8.700000,0.000000,1200,1300,1300,1300,1400,1500,1500,1600,1600,1600,1600,1859,1136,2,416.12020266326215,0.7880030007072492,1964.3859880006858,133.60677783754707
1791208638,10,GET,/cpu,8.800000,0.000000,1200,1300,1300,1300,1400,1500,1500,1500,1600,1600,1600,1868,1136,2,419.32162799090196,0.7880030007072492,1964.3859880006858,133.1798715203426
1791208638,10,,Aggregated,8.800000,0.000000,1200,1300,1300,1300,1400,1500,1500,1500,1600,1600,1600,1868,1136,2,419.32162799090196,0.7880030007072492,1964.3859880006858,133.1798715203426
1791208639,10,GET,/cpu,8.700000,0.000000,1200,1300,1300,1300,1400,1500,1500,1500,1600,1600,1600,1878,1136,2,422.6094983796624,0.7880030007072492,1964.3859880006858,132.71033013844516
1791208639,10,,Aggregated,8.700000,0.000000,1200,1300,1300,1300,1400,1500,1500,1500,1600,1600,1600,1878,1136,2,422.6094983796624,0.7880030007072492,1964.3859880006858,132.71033013844516
1791208640,10,GET,/cpu,8.800000,0.000000,1100,1300,1300,1300,1400,1500,1500,1500,1600,1600,1600,1886,1136,2,425.3828645323469,0.7880030007072492,1964.3859880006858,132.33828207847296
1791208640,10,,Aggregated,8.800000,0.000000,1100,1300,1300,1300,1400,1500,1500,1500,1600,1600,1600,1886,1136,2,425.3828645323469,0.7880030007072492,1964.3859880006858,132.33828207847296
1791208641,10,GET,/cpu,9.100000,0.000000,1200,1300,1300,1400,1400,1500,1500,1500,1600,1600,1600,1896,1136,2,428.8985417078096,0.7880030007072492,1964.3859880006858,131.8776371308017
1791208641,10,,Aggregated,9.100000,0.000000,1200,1300,1300,1400,1400,1500,1500,1500,1600,1600,1600,1896,1136,2,428.8985417078096,0.7880030007072492,1964.3859880006858,131.8776371308017
1791208642,10,GET,/cpu,9.900000,0.000000,1100,1300,1300,1400,1400,1500,1500,1500,1600,1600,1600,1905,1136,2,431.7568555328125,0.7880030007072492,1964.3859880006858,131.46719160104988
1791208642,10,,Aggregated,9.900000,0.000000,1100,1300,1300,1400,1400,1500,1500,1500,1600,1600,1600,1905,1136,2,431.7568555328125,0.7880030007072492,1964.3859880006858,131.46719160104988
1791208643,10,GET,/cpu,10.500000,0.000000,1100,1300,1300,1300,1400,1500,1500,1500,1600,1600,1600,1913,1136,2,434.63981634919315,0.7880030007072492,1964.3859880006858,131.10559330893884
1791208643,10,,Aggregated,10.500000,0.000000,1100,1300,1300,1300,1400,1500,1500,1500,1600,1600,1600,1913,1136,2,434.63981634919315,0.7880030007072492,1964.3859880006858,131.10559330893884
1791208644,10,GET,/cpu,10.400000,0.000000,1100,1300,1300,1300,1400,1400,1500,1500,1500,1500,1500,1923,1136,2,437.9705212319326,0.7880030007072492,1964.3859880006858,130.6578263130525
1791208644,10,,Aggregated,10.400000,0.000000,1100,1300,1300,1300,1400,1400,1500,1500,1500,1500,1500,1923,1136,2,437.9705212319326,0.7880030007072492,1964.3859880006858,130.6578263130525
1791208645,10,GET,/cpu,10.300000,0.000000,1100,1300,1300,1300,1400,1400,1400,1500,1500,1500,1500,1930,1136,2,440.4943036772047,0.7880030007072492,1964.3859880006858,130.34715025906735
1791208645,10,,Aggregated,10.300000,0.000000,1100,1300,1300,1300,1400,1400,1400,1500,1500,1500,1500,1930,1136,2,440.4943036772047,0.7880030007072492,1964.3859880006858,130.34715025906735
1791208646,10,GET,/cpu,10.400000,0.000000,1100,1300,1300,1300,1400,1500,1500,1500,1600,1600,1600,1939,1136,2,444.01959415265793,0.7880030007072492,1964.3859880006858,129.95100567302734
1791208646,10,,Aggregated,10.400000,0.000000,1100,1300,1300,1300,1400,1500,1500,1500,1600,1600,1600,1939,1136,2,444.01959415265793,0.7880030007072492,1964.3859880006858,129.95100567302734
1791208647,10,GET,/cpu,10.400000,0.000000,1000,1300,1300,1300,1400,1500,1500,1500,1600,1600,1600,1949,1136,2,447.06841690662117,0.7880030007072492,1964.3859880006858,129.51513596716265
1791208647,10,,Aggregated,10.400000,0.000000,1000,1300,1300,1300,1400,1500,1500,1500,1600,1600,1600,1949,1136,2,447.06841690662117,0.7880030007072492,1964.3859880006858,129.51513596716265
1791208648,10,GET,/cpu,10.400000,0.000000,1000,1300,1300,1300,1400,1500,1500,1600,1600,1600,1600,1957,1136,2,449.4737808620354,0.7880030007072492,1964.3859880006858,129.16964741951966
1791208648,10,,Aggregated,10.400000,0.000000,1000,1300,1300,1300,1400,1500,1500,1600,1600,1600,1600,1957,1136,2,449.4737808620354,0.7880030007072492,1964.3859880006858,129.16964741951966
1791208649,10,GET,/cpu,10.400000,0.000000,1000,1300,1300,1300,1400,1500,1500,1600,1600,1600,1600,1965,1136,2,452.09622838422604,0.7880030007072492,1964.3859880006858,128.8269720101781
1791208649,10,,Aggregated,10.400000,0.000000,1000,1300,1300,1300,1400,1500,1500,1600,1600,1600,1600,1965,1136,2,452.09622838422604,0.7880030007072492,1964.3859880006858,128.8269720101781
1791208650,10,GET,/cpu,10.400000,0.000000,1100,1300,1300,1300,1400,1500,1500,1600,1600,1600,1600,1976,1136,2,456.0290841928143,0.7880030007072492,1964.3859880006858,128.36032388663966
1791208650,10,,Aggregated,10.400000,0.000000,1100,1300,1300,1300,1400,1500,1500,1600,1600,1600,1600,1976,1136,2,456.0290841928143,0.7880030007072492,1964.3859880006858,128.36032388663966
1791208651,10,GET,/cpu,10.100000,0.000000,1000,1300,1300,1300,1400,1500,1500,1600,1600,1600,1600,1985,1136,2,458.440902515367,0.7880030007072492,1964.3859880006858,127.9823677581864
1791208651,10,,Aggregated,10.100000,0.000000,1000,1300,1300,1300,1400,1500,1500,1600,1600,1600,1600,1985,1136,2,458.440902515367,0.7880030007072492,1964.3859880006858,127.9823677581864
1791208652,10,GET,/cpu,9.400000,0.000000,1200,1300,1300,1300,1400,1500,1500,1600,1600,1600,1600,1994,1136,2,461.50358532698243,0.7880030007072492,1964.3859880006858,127.60782347041123
1791208652,10,,Aggregated,9.400000,0.000000,1200,1300,1300,1300,1400,1500,1500,1600,1600,1600,1600,1994,1136,2,461.50358532698243,0.7880030007072492,1964.3859880006858,127.60782347041123
1791208653,10,GET,/cpu,8.900000,0.000000,1200,1300,1300,1300,1400,1500,1500,1600,1600,1600,1600,2002,1136,2,464.04405737512724,0.7880030007072492,1964.3859880006858,127.27772227772228
1791208653,10,,Aggregated,8.900000,0.000000,1200,1300,1300,1300,1400,1500,1500,1600,1600,1600,1600,2002,1136,2,464.04405737512724,0.7880030007072492,1964.3859880006858,127.27772227772228
1791208654,10,GET,/cpu,8.800000,0.000000,1100,1200,1300,1300,1400,1500,1500,1600,1600,1600,1600,2012,1136,2,466.74837981461394,0.7880030007072492,1964.3859880006858,126.86878727634195
1791208654,10,,Aggregated,8.800000,0.000000,1100,1200,1300,1300,1400,1500,1500,1600,1600,1600,1600,2012,1136,2,466.74837981461394,0.7880030007072492,1964.3859880006858,126.86878727634195
1791208655,10,GET,/cpu,8.800000,0.000000,1100,1200,1300,1300,1400,1400,1500,1500,1500,1500,1500,2020,1136,2,469.161051917328,0.7880030007072492,1964.3859880006858,126.54455445544555
1791208655,10,,Aggregated,8.800000,0.000000,1100,1200,1300,1300,1400,1400,1500,1500,1500,1500,1500,2020,1136,2,469.161051917328,0.7880030007072492,1964.3859880006858,126.54455445544555
1791208656,10,GET,/cpu,9.100000,0.000000,1100,1200,1300,1300,1300,1400,1400,1500,1500,1500,1500,2032,1136,2,472.40791857677334,0.7880030007072492,1964.3859880006858,126.06299212598425
1791208656,10,,Aggregated,9.100000,0.000000,1100,1200,1300,1300,1300,1400,1400,1500,1500,1500,1500,2032,1136,2,472.40791857677334,0.7880030007072492,1964.3859880006858,126.06299212598425
1791208657,10,GET,/cpu,9.100000,0.000000,1100,1200,1200,1300,1300,1400,1400,1500,1500,1500,1500,2040,1136,2,474.4647203431388,0.7880030007072492,1964.3859880006858,125.74509803921569
1791208657,10,,Aggregated,9.100000,0.000000,1100,1200,1200,1300,1300,1400,1400,1500,1500,1500,1500,2040,1136,2,474.4647203431388,0.7880030007072492,1964.3859880006858,125.74509803921569
1791208658,10,GET,/cpu,9.100000,0.000000,1100,1200,1200,1300,1300,1400,1400,1500,1500,1500,1500,2049,1136,2,476.9386869648615,0.7880030007072492,1964.3859880006858,125.39043435822353
1791208658,10,,Aggregated,9.100000,0.000000,1100,1200,1200,1300,1300,1400,1400,1500,1500,1500,1500,2049,1136,2,476.9386869648615,0.7880030007072492,1964.3859880006858,125.39043435822353
1791208659,10,GET,/cpu,9.100000,0.000000,1100,1200,1200,1300,1300,1400,1400,1500,1500,1500,1500,2060,1136,2,479.90072163155475,0.7880030007072492,1964.3859880006858,124.96116504854369
1791208659,10,,Aggregated,9.100000,0.000000,1100,1200,1200,1300,1300,1400,1400,1500,1500,1500,1500,2060,1136,2,479.90072163155475,0.7880030007072492,1964.3859880006858,124.96116504854369
1791208660,10,GET,/cpu,9.100000,0.000000,1100,1200,1200,1200,1300,1300,1400,1400,1400,1400,1400,2068,1136,2,481.9280931852039,0.7880030007072492,1964.3859880006858,124.65183752417795
1791208660,10,,Aggregated,9.100000,0.000000,1100,1200,1200,1200,1300,1300,1400,1400,1400,1400,1400,2068,1136,2,481.9280931852039,0.7880030007072492,1964.3859880006858,124.65183752417795
1791208661,10,GET,/cpu,9.300000,0.000000,1100,1200,1200,1200,1300,1300,1400,1400,1400,1400,1400,2080,1136,2,485.0157938629807,0.7880030007072492,1964.3859880006858,124.1923076923077
1791208661,10,,Aggregated,9.300000,0.000000,1100,1200,1200,1200,1300,1300,1400,1400,1400,1400,1400,2080,1136,2,485.0157938629807,0.7880030007072492,1964.3859880006858,124.1923076923077
1791208662,10,GET,/cpu,9.200000,0.000000,1100,1200,1200,1200,1300,1300,1400,1400,1400,1400,1400,2088,1136,2,486.8728040632183,0.7880030007072492,1964.3859880006858,123.88888888888889
1791208662,10,,Aggregated,9.200000,0.000000,1100,1200,1200,1200,1300,1300,1400,1400,1400,1400,1400,2088,1136,2,486.8728040632183,0.7880030007072492,1964.3859880006858,123.88888888888889
1791208663,10,GET,/cpu,9.500000,0.000000,1100,1200,1200,1200,1300,1300,1400,1400,1400,1400,1400,2097,1136,2,489.20596651263753,0.7880030007072492,1964.3859880006858,123.55030996661898
1791208663,10,,Aggregated,9.500000,0.000000,1100,1200,1200,1200,1300,1300,1400,1400,1400,1400,1400,2097,1136,2,489.20596651263753,0.7880030007072492,1964.3859880006858,123.55030996661898
1791208664,10,GET,/cpu,9.400000,0.000000,1100,1200,1200,1200,1300,1300,1400,1400,1400,1400,1400,2108,1136,2,492.0302062789371,0.7880030007072492,1964.3859880006858,123.1404174573055
1791208664,10,,Aggregated,9.400000,0.000000,1100,1200,1200,1200,1300,1300,1400,1400,1400,1400,1400,2108,1136,2,492.0302062789371,0.7880030007072492,1964.3859880006858,123.1404174573055
1791208665,10,GET,/cpu,9.600000,0.000000,890,1200,1200,1200,1300,1300,1400,1400,1400,1400,1400,2116,1136,2,493.8132616020794,0.7880030007072492,1964.3859880006858,122.84499054820417
1791208665,10,,Aggregated,9.600000,0.000000,890,1200,1200,1200,1300,1300,1400,1400,1400,1400,1400,2116,1136,2,493.8132616020794,0.7880030007072492,1964.3859880006858,122.84499054820417
1791208666,10,GET,/cpu,9.400000,0.000000,1100,1200,1200,1200,1300,1300,1400,1400,1400,1400,1400,2127,1136,2,496.59340645416097,0.7880030007072492,1964.3859880006858,122.44240714621533
1791208666,10,,Aggregated,9.400000,0.000000,1100,1200,1200,1200,1300,1300,1400,1400,1400,1400,1400,2127,1136,2,496.59340645416097,0.7880030007072492,1964.3859880006858,122.44240714621533
1791208667,10,GET,/cpu,9.400000,0.000000,910,1200,1200,1200,1300,1400,1400,1500,1500,1500,1500,2136,1136,2,499.05660339606754,0.7880030007072492,1964.3859880006858,122.11610486891385
1791208667,10,,Aggregated,9.400000,0.000000,910,1200,1200,1200,1300,1400,1400,1500,1500,1500,1500,2136,1136,2,499.05660339606754,0.7880030007072492,1964.3859880006858,122.11610486891385
1791208668,10,GET,/cpu,9.700000,0.000000,1100,1200,1200,1200,1300,1400,1500,1500,1500,1500,1500,2144,1136,2,501.4897371035454,0.7880030007072492,1964.3859880006858,121.82835820895522
1791208668,10,,Aggregated,9.700000,0.000000,1100,1200,1200,1200,1300,1400,1500,1500,1500,1500,1500,2144,1136,2,501.4897371035454,0.7880030007072492,1964.3859880006858,121.82835820895522
1791208669,10,GET,/cpu,9.600000,0.000000,1100,1200,1200,1200,1300,1400,1500,1500,1500,1500,1500,2153,1136,2,504.01931945007084,0.7880030007072492,1964.3859880006858,121.50719925685091
1791208669,10,,Aggregated,9.600000,0.000000,1100,1200,1200,1200,1300,1400,1500,1500,1500,1500,1500,2153,1136,2,504.01931945007084,0.7880030007072492,1964.3859880006858,121.50719925685091
1791208670,10,GET,/cpu,9.500000,0.000000,1100,1200,1200,1200,1300,1400,1500,1500,1500,1500,1500,2161,1136,2,506.0608487889879,0.7880030007072492,1964.3859880006858,121.22397038408144
1791208670,10,,Aggregated,9.500000,0.000000,1100,1200,1200,1200,1300,1400,1500,1500,1500,1500,1500,2161,1136,2,506.0608487889879,0.7880030007072492,1964.3859880006858,121.22397038408144
1791208670,10,GET,/cpu,9.500000,0.000000,1100,1200,1200,1200,1300,1400,1500,1500,1500,1500,1500,2171,1136,2,508.5412362832811,0.7880030007072492,1964.3859880006858,120.87286964532474
1791208670,10,,Aggregated,9.500000,0.000000,1100,1200,1200,1200,1300,1400,1500,1500,1500,1500,1500,2171,1136,2,508.5412362832811,0.7880030007072492,1964.3859880006858,120.87286964532474
1791208671,10,GET,/cpu,9.300000,0.000000,1100,1200,1200,1300,1400,1400,1500,1500,1500,1500,1500,2180,1136,2,511.07768174403714,0.7880030007072492,1964.3859880006858,120.55963302752293
1791208671,10,,Aggregated,9.300000,0.000000,1100,1200,1200,1300,1400,1400,1500,1500,1500,1500,1500,2180,1136,2,511.07768174403714,0.7880030007072492,1964.3859880006858,120.55963302752293
1791208672,10,GET,/cpu,9.300000,0.000000,1100,1200,1300,1300,1400,1500,1500,1500,1500,1500,1500,2189,1136,3,513.4640493426225,0.7880030007072492,1964.3859880006858,120.24897213339425
1791208672,10,,Aggregated,9.300000,0.000000,1100,1200,1300,1300,1400,1500,1500,1500,1500,1500,1500,2189,1136,3,513.4640493426225,0.7880030007072492,1964.3859880006858,120.24897213339425
1791208673,10,GET,/cpu,9.700000,0.000000,1100,1200,1200,1300,1400,1500,1500,1500,1500,1500,1500,2197,1136,3,515.2152034934003,0.7880030007072492,1964.3859880006858,119.97496586253983
1791208673,10,,Aggregated,9.700000,0.000000,1100,1200,1200,1300,1400,1500,1500,1500,1500,1500,1500,2197,1136,3,515.2152034934003,0.7880030007072492,1964.3859880006858,119.97496586253983
1791208674,10,GET,/cpu,10.900000,0.000000,1100,1200,1200,1300,1400,1400,1500,1500,1500,1500,1500,2209,1136,3,518.0161536677234,0.7880030007072492,1964.3859880006858,119.56767768220915
1791208674,10,,Aggregated,10.900000,0.000000,1100,1200,1200,1300,1400,1400,1500,1500,1500,1500,1500,2209,1136,3,518.0161536677234,0.7880030007072492,1964.3859880006858,119.56767768220915
1791208675,10,GET,/cpu,10.700000,0.000000,1100,1200,1200,1300,1400,1500,1500,1500,1500,1500,1500,2218,1136,3,519.9652827110001,0.7880030007072492,1964.3859880006858,119.26510369702434
1791208675,10,,Aggregated,10.700000,0.000000,1100,1200,1200,1300,1400,1500,1500,1500,1500,1500,1500,2218,1136,3,519.9652827110001,0.7880030007072492,1964.3859880006858,119.26510369702434
1791208676,10,GET,/cpu,10.600000,0.000000,1100,1200,1200,1300,1400,1500,1500,1500,1500,1500,1500,2227,1136,3,521.887697021553,0.7880030007072492,1964.3859880006858,118.96497530309834
1791208676,10,,Aggregated,10.600000,0.000000,1100,1200,1200,1300,1400,1500,1500,1500,1500,1500,1500,2227,1136,3,521.887697021553,0.7880030007072492,1964.3859880006858,118.96497530309834
1791208677,10,GET,/cpu,10.900000,0.000000,1100,1200,1200,1300,1300,1400,1500,1500,1500,1500,1500,2237,1136,3,524.2523242109963,0.7880030007072492,1964.3859880006858,118.63433169423335
1791208677,10,,Aggregated,10.900000,0.000000,1100,1200,1200,1300,1300,1400,1500,1500,1500,1500,1500,2237,1136,3,524.2523242109963,0.7880030007072492,1964.3859880006858,118.63433169423335
1791208678,10,GET,/cpu,10.600000,0.000000,1100,1200,1200,1200,1300,1400,1500,1500,1500,1500,1500,2246,1136,3,526.4512387800522,0.7880030007072492,1964.3859880006858,118.3392698130009
1791208678,10,,Aggregated,10.600000,0.000000,1100,1200,1200,1200,1300,1400,1500,1500,1500,1500,1500,2246,1136,3,526.4512387800522,0.7880030007072492,1964.3859880006858,118.3392698130009
1791208679,10,GET,/cpu,10.600000,0.000000,1100,1200,1200,1300,1300,1400,1500,1500,1500,1500,1500,2254,1136,4,528.3345049232464,0.7880030007072492,1964.3859880006858,118.07897071872227
1791208679,10,,Aggregated,10.600000,0.000000,1100,1200,1200,1300,1300,1400,1500,1500,1500,1500,1500,2254,1136,4,528.3345049232464,0.7880030007072492,1964.3859880006858,118.07897071872227
1791208680,10,GET,/cpu,10.900000,0.000000,1100,1200,1200,1300,1300,1400,1500,1500,1500,1500,1500,2263,1136,4,530.5770016345548,0.7880030007072492,1964.3859880006858,117.78833406981883
1791208680,10,,Aggregated,10.900000,0.000000,1100,1200,1200,1300,1300,1400,1500,1500,1500,1500,1500,2263,1136,4,530.5770016345548,0.7880030007072492,1964.3859880006858,117.78833406981883
1791208681,10,GET,/cpu,10.900000,0.000000,1100,1200,1200,1300,1300,1300,1400,1500,1500,1500,1500,2274,1136,280,533.0280533773072,0.7880030007072492,1964.3859880006858,117.43623570800352
1791208681,10,,Aggregated,10.900000,0.000000,1100,1200,1200,1300,1300,1300,1400,1500,1500,1500,1500,2274,1136,280,533.0280533773072,0.7880030007072492,1964.3859880006858,117.43623570800352
1791208682,10,GET,/cpu,10.500000,0.000000,1100,1200,1300,1300,1300,1300,1400,1500,1500,1500,1500,2282,1136,430,534.8875552620495,0.7880030007072492,1964.3859880006858,117.18229623137599
1791208682,10,,Aggregated,10.500000,0.000000,1100,1200,1300,1300,1300,1300,1400,1500,1500,1500,1500,2282,1136,430,534.8875552620495,0.7880030007072492,1964.3859880006858,117.18229623137599
1791208683,10,GET,/cpu,9.600000,0.000000,990,1200,1300,1300,1300,1400,1400,1500,1500,1500,1500,2291,1136,450,537.2539255006528,0.7880030007072492,1964.3859880006858,116.89873417721519
1791208683,10,,Aggregated,9.600000,0.000000,990,1200,1300,1300,1300,1400,1400,1500,1500,1500,1500,2291,1136,450,537.2539255006528,0.7880030007072492,1964.3859880006858,116.89873417721519
1791208684,10,GET,/cpu,9.200000,0.000000,1000,1300,1300,1300,1400,1400,1500,1500,1500,1500,1500,2299,1136,460,539.2299251078713,0.7880030007072492,1964.3859880006858,116.6485428447151
1791208684,10,,Aggregated,9.200000,0.000000,1000,1300,1300,1300,1400,1400,1500,1500,1500,1500,1500,2299,1136,460,539.2299251078713,0.7880030007072492,1964.3859880006858,116.6485428447151
1791208685,10,GET,/cpu,9.200000,0.000000,1000,1300,1300,1300,1400,1500,1500,1600,1600,1600,1600,2308,1136,480,541.7414451923719,0.7880030007072492,1964.3859880006858,116.36915077989602
1791208685,10,,Aggregated,9.200000,0.000000,1000,1300,1300,1300,1400,1500,1500,1600,1600,1600,1600,2308,1136,480,541.7414451923719,0.7880030007072492,1964.3859880006858,116.36915077989602
1791208686,10,GET,/cpu,9.100000,0.000000,1100,1300,1300,1300,1400,1500,1500,1600,1600,1600,1600,2317,1136,490,543.9076132900283,0.7880030007072492,1964.3859880006858,116.09192921881744
1791208686,10,,Aggregated,9.100000,0.000000,1100,1300,1300,1300,1400,1500,1500,1600,1600,1600,1600,2317,1136,490,543.9076132900283,0.7880030007072492,1964.3859880006858,116.09192921881744
1791208687,10,GET,/cpu,8.900000,0.000000,1000,1300,1300,1300,1400,1500,1500,1600,1600,1600,1600,2326,1136,500,545.6975453108319,0.7880030007072492,1964.3859880006858,115.81685296646603
1791208687,10,,Aggregated,8.900000,0.000000,1000,1300,1300,1300,1400,1500,1500,1600,1600,1600,1600,2326,1136,500,545.6975453108319,0.7880030007072492,1964.3859880006858,115.81685296646603
1791208688,10,GET,/cpu,8.900000,0.000000,1000,1300,1300,1300,1400,1500,1500,1600,1600,1600,1600,2334,1136,510,547.460113357752,0.7880030007072492,1964.3859880006858,115.57412167952013
1791208688,10,,Aggregated,8.900000,0.000000,1000,1300,1300,1300,1400,1500,1500,1600,1600,1600,1600,2334,1136,510,547.460113357752,0.7880030007072492,1964.3859880006858,115.57412167952013
1791208689,10,GET,/cpu,9.000000,0.000000,1000,1300,1300,1400,1400,1500,1500,1600,1600,1600,1600,2345,1136,520,550.218941966309,0.7880030007072492,1964.3859880006858,115.24307036247335
1791208689,10,,Aggregated,9.000000,0.000000,1000,1300,1300,1400,1400,1500,1500,1600,1600,1600,1600,2345,1136,520,550.218941966309,0.7880030007072492,1964.3859880006858,115.24307036247335
1791208690,10,GET,/cpu,8.900000,0.000000,1000,1300,1300,1300,1400,1500,1500,1600,1600,1600,1600,2355,1136,520,551.928724977069,0.7880030007072492,1964.3859880006858,114.9447983014862
1791208690,10,,Aggregated,8.900000,0.000000,1000,1300,1300,1300,1400,1500,1500,1600,1600,1600,1600,2355,1136,520,551.928724977069,0.7880030007072492,1964.3859880006858,114.9447983014862
1791208691,10,GET,/cpu,8.800000,0.000000,1000,1200,1300,1300,1400,1500,1500,1600,1600,1600,1600,2364,1136,530,553.6380269162418,0.7880030007072492,1964.3859880006858,114.67851099830796
1791208691,10,,Aggregated,8.800000,0.000000,1000,1200,1300,1300,1400,1500,1500,1600,1600,1600,1600,2364,1136,530,553.6380269162418,0.7880030007072492,1964.3859880006858,114.67851099830796
1791208692,10,GET,/cpu,9.100000,0.000000,1000,1300,1300,1300,1400,1500,1500,1600,1600,1600,1600,2372,1136,540,555.8476586100314,0.7880030007072492,1964.3859880006858,114.44350758853288
1791208692,10,,Aggregated,9.100000,0.000000,1000,1300,1300,1300,1400,1500,1500,1600,1600,1600,1600,2372,1136,540,555.8476586100314,0.7880030007072492,1964.3859880006858,114.44350758853288
1791208693,10,GET,/cpu,8.900000,0.000000,1100,1300,1300,1300,1400,1400,1500,1600,1600,1600,1600,2380,1136,570,558.0260579432751,0.7880030007072492,1964.3859880006858,114.21008403361344
1791208693,10,,Aggregated,8.900000,0.000000,1100,1300,1300,1300,1400,1400,1500,1600,1600,1600,1600,2380,1136,570,558.0260579432751,0.7880030007072492,1964.3859880006858,114.21008403361344
1791208694,10,GET,/cpu,8.900000,0.000000,1100,1200,1300,1300,1300,1400,1400,1500,1500,1500,1500,2389,1136,580,559.9639787681009,0.7880030007072492,1964.3859880006858,113.94935119296777
1791208694,10,,Aggregated,8.900000,0.000000,1100,1200,1300,1300,1300,1400,1400,1500,1500,1500,1500,2389,1136,580,559.9639787681009,0.7880030007072492,1964.3859880006858,113.94935119296777
1791208695,10,GET,/cpu,8.900000,0.000000,1100,1200,1300,1300,1400,1400,1400,1500,1500,1500,1500,2398,1136,590,562.158619185152,0.7880030007072492,1964.3859880006858,113.6905754795663
1791208695,10,,Aggregated,8.900000,0.000000,1100,1200,1300,1300,1400,1400,1400,1500,1500,1500,1500,2398,1136,590,562.158619185152,0.7880030007072492,1964.3859880006858,113.6905754795663
1791208696,10,GET,/cpu,9.000000,0.000000,1100,1300,1300,1300,1400,1400,1400,1500,1500,1500,1500,2407,1136,600,563.9938228849168,0.7880030007072492,1964.3859880006858,113.43373493975903
1791208696,10,,Aggregated,9.000000,0.000000,1100,1300,1300,1300,1400,1400,1400,1500,1500,1500,1500,2407,1136,600,563.9938228849168,0.7880030007072492,1964.3859880006858,113.43373493975903
1791208697,10,GET,/cpu,9.000000,0.000000,1100,1200,1300,1300,1400,1400,1400,1500,1500,1500,1500,2416,1136,610,565.7529387115051,0.7880030007072492,1964.3859880006858,113.17880794701986
1791208697,10,,Aggregated,9.000000,0.000000,1100,1200,1300,1300,1400,1400,1400,1500,1500,1500,1500,2416,1136,610,565.7529387115051,0.7880030007072492,1964.3859880006858,113.17880794701986
1791208698,10,GET,/cpu,9.000000,0.000000,1100,1200,1300,1300,1300,1400,1400,1400,1400,1400,1400,2426,1136,620,568.0137059995866,0.7880030007072492,1964.3859880006858,112.89777411376753
1791208698,10,,Aggregated,9.000000,0.000000,1100,1200,1300,1300,1300,1400,1400,1400,1400,1400,1400,2426,1136,620,568.0137059995866,0.7880030007072492,1964.3859880006858,112.89777411376753
1791208699,10,GET,/cpu,9.000000,0.000000,1100,1200,1300,1300,1300,1400,1400,1400,1400,1400,1400,2435,1136,630,569.5995662809019,0.7880030007072492,1964.3859880006858,112.64681724845995
1791208699,10,,Aggregated,9.000000,0.000000,1100,1200,1300,1300,1300,1400,1400,1400,1400,1400,1400,2435,1136,630,569.5995662809019,0.7880030007072492,1964.3859880006858,112.64681724845995
1791208700,10,GET,/cpu,9.000000,0.000000,1100,1300,1300,1300,1300,1400,1400,1400,1400,1400,1400,2443,1136,660,571.1978076340554,0.7880030007072492,1964.3859880006858,112.42529676627098
1791208700,10,,Aggregated,9.000000,0.000000,1100,1300,1300,1300,1300,1400,1400,1400,1400,1400,1400,2443,1136,660,571.1978076340554,0.7880030007072492,1964.3859880006858,112.42529676627098
1791208701,10,GET,/cpu,9.100000,0.000000,1200,1200,1300,1300,1300,1400,1400,1400,1400,1400,1400,2454,1136,670,573.4243869266487,0.7880030007072492,1964.3859880006858,112.12306438467807
1791208701,10,,Aggregated,9.100000,0.000000,1200,1200,1300,1300,1300,1400,1400,1400,1400,1400,1400,2454,1136,670,573.4243869266487,0.7880030007072492,1964.3859880006858,112.12306438467807
1791208700,10,GET,/cpu,8.900000,0.000000,1100,1200,1300,1300,1300,1400,1400,1400,1400,1400,1400,2463,1136,680,575.0232215753132,0.7880030007072492,1964.3859880006858,111.87779131140886
1791208700,10,,Aggregated,8.900000,0.000000,1100,1200,1300,1300,1300,1400,1400,1400,1400,1400,1400,2463,1136,680,575.0232215753132,0.7880030007072492,1964.3859880006858,111.87779131140886
1791208701,10,GET,/cpu,9.100000,0.000000,1100,1200,1300,1300,1300,1400,1400,1400,1400,1400,1400,2471,1136,680,576.7570690809378,0.7880030007072492,1964.3859880006858,111.66127074059085
1791208701,10,,Aggregated,9.100000,0.000000,1100,1200,1300,1300,1300,1400,1400,1400,1400,1400,1400,2471,1136,680,576.7570690809378,0.7880030007072492,1964.3859880006858,111.66127074059085
1791208702,10,GET,/cpu,9.300000,0.000000,1100,1200,1300,1300,1300,1300,1400,1400,1400,1400,1400,2482,1136,700,578.898867775583,0.7880030007072492,1964.3859880006858,111.36583400483481
1791208702,10,,Aggregated,9.300000,0.000000,1100,1200,1300,1300,1300,1300,1400,1400,1400,1400,1400,2482,1136,700,578.898867775583,0.7880030007072492,1964.3859880006858,111.36583400483481
1791208703,10,GET,/cpu,10.000000,0.000000,1100,1200,1300,1300,1300,1300,1400,1400,1400,1400,1400,2489,1136,700,580.1275663177971,0.7880030007072492,1964.3859880006858,111.17918842908799
1791208703,10,,Aggregated,10.000000,0.000000,1100,1200,1300,1300,1300,1300,1400,1400,1400,1400,1400,2489,1136,700,580.1275663177971,0.7880030007072492,1964.3859880006858,111.17918842908799
1791208704,10,GET,/cpu,10.700000,0.000000,1100,1200,1300,1300,1300,1400,1500,1600,1600,1600,1600,2499,1136,700,582.6140342909157,0.7880030007072492,1964.3859880006858,110.91436574629851
1791208704,10,,Aggregated,10.700000,0.000000,1100,1200,1300,1300,1300,1400,1500,1600,1600,1600,1600,2499,1136,700,582.6140342909157,0.7880030007072492,1964.3859880006858,110.91436574629851
1791208705,10,GET,/cpu,10.800000,0.000000,1100,1200,1300,1300,1300,1400,1500,1600,1600,1600,1600,2507,1136,710,584.1254446382134,0.7880030007072492,1964.3859880006858,110.70402871958517
1791208705,10,,Aggregated,10.800000,0.000000,1100,1200,1300,1300,1300,1400,1500,1600,1600,1600,1600,2507,1136,710,584.1254446382134,0.7880030007072492,1964.3859880006858,110.70402871958517
1791208706,10,GET,/cpu,10.700000,0.000000,1100,1200,1200,1300,1300,1500,1600,1600,1600,1600,1600,2515,1136,720,585.6938917145135,0.7880030007072492,1964.3859880006858,110.49502982107356
1791208706,10,,Aggregated,10.700000,0.000000,1100,1200,1200,1300,1300,1500,1600,1600,1600,1600,1600,2515,1136,720,585.6938917145135,0.7880030007072492,1964.3859880006858,110.49502982107356
1791208707,10,GET,/cpu,10.700000,0.000000,1100,1200,1300,1300,1300,1400,1500,1600,1600,1600,1600,2525,1136,720,587.7004313837629,0.7880030007072492,1964.3859880006858,110.23564356435644
1791208707,10,,Aggregated,10.700000,0.000000,1100,1200,1300,1300,1300,1400,1500,1600,1600,1600,1600,2525,1136,720,587.7004313837629,0.7880030007072492,1964.3859880006858,110.23564356435644
1791208708,10,GET,/cpu,10.500000,0.000000,1100,1200,1300,1300,1400,1400,1500,1600,1600,1600,1600,2534,1136,730,589.6099564301503,0.7880030007072492,1964.3859880006858,110.00394632991318
1791208708,10,,Aggregated,10.500000,0.000000,1100,1200,1300,1300,1400,1400,1500,1600,1600,1600,1600,2534,1136,730,589.6099564301503,0.7880030007072492,1964.3859880006858,110.00394632991318
1791208709,10,GET,/cpu,10.700000,0.000000,1100,1200,1300,1300,1400,1500,1600,1600,1600,1600,1600,2542,1136,730,590.9611699252564,0.7880030007072492,1964.3859880006858,109.7993705743509
1791208709,10,,Aggregated,10.700000,0.000000,1100,1200,1300,1300,1400,1500,1600,1600,1600,1600,1600,2542,1136,730,590.9611699252564,0.7880030007072492,1964.3859880006858,109.7993705743509
1791208710,10,GET,/cpu,10.700000,0.000000,1100,1200,1300,1300,1400,1500,1600,1600,1600,1600,1600,2553,1136,730,592.9478201163339,0.7880030007072492,1964.3859880006858,109.5201723462593
1791208710,10,,Aggregated,10.700000,0.000000,1100,1200,1300,1300,1400,1500,1600,1600,1600,1600,1600,2553,1136,730,592.9478201163339,0.7880030007072492,1964.3859880006858,109.5201723462593
1791208711,10,GET,/cpu,10.600000,0.000000,1000,1200,1300,1300,1400,1500,1600,1600,1600,1600,1600,2562,1136,750,594.6451957654174,0.7880030007072492,1964.3859880006858,109.2935206869633
1791208711,10,,Aggregated,10.600000,0.000000,1000,1200,1300,1300,1400,1500,1600,1600,1600,1600,1600,2562,1136,750,594.6451957654174,0.7880030007072492,1964.3859880006858,109.2935206869633
1791208712,10,GET,/cpu,10.300000,0.000000,1200,1300,1300,1300,1400,1500,1600,1600,1600,1600,1600,2570,1136,750,596.3020121692606,0.7880030007072492,1964.3859880006858,109.09338521400778
1791208712,10,,Aggregated,10.300000,0.000000,1200,1300,1300,1300,1400,1500,1600,1600,1600,1600,1600,2570,1136,750,596.3020121692606,0.7880030007072492,1964.3859880006858,109.09338521400778
1791208713,10,GET,/cpu,9.600000,0.000000,1200,1200,1300,1300,1400,1400,1600,1600,1600,1600,1600,2580,1136,750,598.0044963449619,0.7880030007072492,1964.3859880006858,108.84496124031008
1791208713,10,,Aggregated,9.600000,0.000000,1200,1200,1300,1300,1400,1400,1600,1600,1600,1600,1600,2580,1136,750,598.0044963449619,0.7880030007072492,1964.3859880006858,108.84496124031008
1791208714,10,GET,/cpu,8.900000,0.000000,1100,1200,1300,1300,1300,1400,1400,1400,1400,1400,1400,2590,1136,760,599.6326720451748,0.7880030007072492,1964.3859880006858,108.5984555984556
1791208714,10,,Aggregated,8.900000,0.000000,1100,1200,1300,1300,1300,1400,1400,1400,1400,1400,1400,2590,1136,760,599.6326720451748,0.7880030007072492,1964.3859880006858,108.5984555984556
1791208715,10,GET,/cpu,8.900000,0.000000,1100,1200,1300,1300,1300,1400,1400,1400,1400,1400,1400,2599,1136,760,600.963604690651,0.7880030007072492,1964.3859880006858,108.37822239322817
1791208715,10,,Aggregated,8.900000,0.000000,1100,1200,1300,1300,1300,1400,1400,1400,1400,1400,1400,2599,1136,760,600.963604690651,0.7880030007072492,1964.3859880006858,108.37822239322817
1791208716,10,GET,/cpu,9.100000,0.000000,990,1200,1300,1300,1300,1400,1400,1400,1400,1400,1400,2609,1136,760,602.447258059028,0.7880030007072492,1964.3859880006858,108.13530088156382
1791208716,10,,Aggregated,9.100000,0.000000,990,1200,1300,1300,1300,1400,1400,1400,1400,1400,1400,2609,1136,760,602.447258059028,0.7880030007072492,1964.3859880006858,108.13530088156382
1791208717,10,GET,/cpu,9.200000,0.000000,1100,1200,1200,1300,1300,1300,1400,1400,1400,1400,1400,2619,1136,760,604.0834064681192,0.7880030007072492,1964.3859880006858,107.89423444062619
1791208717,10,,Aggregated,9.200000,0.000000,1100,1200,1200,1300,1300,1300,1400,1400,1400,1400,1400,2619,1136,760,604.0834064681192,0.7880030007072492,1964.3859880006858,107.89423444062619
1791208718,10,GET,/cpu,9.300000,0.000000,1100,1200,1200,1300,1300,1300,1400,1400,1400,1400,1400,2627,1136,760,605.3802918751447,0.7880030007072492,1964.3859880006858,107.70270270270271
1791208718,10,,Aggregated,9.300000,0.000000,1100,1200,1200,1300,1300,1300,1400,1400,1400,1400,1400,2627,1136,760,605.3802918751447,0.7880030007072492,1964.3859880006858,107.70270270270271
1791208719,10,GET,/cpu,9.300000,0.000000,1100,1200,1200,1300,1300,1300,1400,1400,1400,1400,1400,2638,1136,770,607.1441123112227,0.7880030007072492,1964.3859880006858,107.4412433661865
1791208719,10,,Aggregated,9.300000,0.000000,1100,1200,1200,1300,1300,1300,1400,1400,1400,1400,1400,2638,1136,770,607.1441123112227,0.7880030007072492,1964.3859880006858,107.4412433661865
1791208720,10,GET,/cpu,9.300000,0.000000,1100,1200,1200,1200,1300,1300,1400,1400,1400,1400,1400,2647,1136,770,608.5030454484339,0.7880030007072492,1964.3859880006858,107.2289384208538
1791208720,10,,Aggregated,9.300000,0.000000,1100,1200,1200,1200,1300,1300,1400,1400,1400,1400,1400,2647,1136,770,608.5030454484339,0.7880030007072492,1964.3859880006858,107.2289384208538
1791208721,10,GET,/cpu,9.300000,0.000000,1100,1200,1200,1200,1300,1300,1400,1500,1500,1500,1500,2655,1136,770,609.9854135073468,0.7880030007072492,1964.3859880006858,107.04143126177024
1791208721,10,,Aggregated,9.300000,0.000000,1100,1200,1200,1200,1300,1300,1400,1500,1500,1500,1500,2655,1136,770,609.9854135073468,0.7880030007072492,1964.3859880006858,107.04143126177024
1791208722,10,GET,/cpu,9.400000,0.000000,1100,1200,1200,1200,1300,1500,1600,1700,1700,1700,1700,2665,1136,770,611.9252671621039,0.7880030007072492,1964.3859880006858,106.80863039399625
1791208722,10,,Aggregated,9.400000,0.000000,1100,1200,1200,1200,1300,1500,1600,1700,1700,1700,1700,2665,1136,770,611.9252671621039,0.7880030007072492,1964.3859880006858,106.80863039399625
1791208723,10,GET,/cpu,9.300000,0.000000,1100,1200,1200,1200,1400,1500,1600,1700,1700,1700,1700,2673,1136,770,613.206181976059,0.7880030007072492,1964.3859880006858,106.62364384586607
1791208723,10,,Aggregated,9.300000,0.000000,1100,1200,1200,1200,1400,1500,1600,1700,1700,1700,1700,2673,1136,770,613.206181976059,0.7880030007072492,1964.3859880006858,106.62364384586607
1791208724,10,GET,/cpu,9.400000,0.000000,1100,1200,1200,1200,1400,1500,1600,1700,1700,1700,1700,2683,1136,770,614.884885767054,0.7880030007072492,1964.3859880006858,106.39396198285502
1791208724,10,,Aggregated,9.400000,0.000000,1100,1200,1200,1200,1400,1500,1600,1700,1700,1700,1700,2683,1136,770,614.884885767054,0.7880030007072492,1964.3859880006858,106.39396198285502
1791208725,10,GET,/cpu,9.400000,0.000000,940,1200,1200,1200,1400,1500,1600,1700,1700,1700,1700,2693,1136,780,616.2403759896046,0.7880030007072492,1964.3859880006858,106.16598588934274
1791208725,10,,Aggregated,9.400000,0.000000,940,1200,1200,1200,1400,1500,1600,1700,1700,1700,1700,2693,1136,780,616.2403759896046,0.7880030007072492,1964.3859880006858,106.16598588934274
1791208726,10,GET,/cpu,9.400000,0.000000,940,1200,1200,1200,1400,1500,1600,1700,1700,1700,1700,2702,1136,780,617.5740913301275,0.7880030007072492,1964.3859880006858,105.9622501850481
1791208726,10,,Aggregated,9.400000,0.000000,940,1200,1200,1200,1400,1500,1600,1700,1700,1700,1700,2702,1136,780,617.5740913301275,0.7880030007072492,1964.3859880006858,105.9622501850481
1791208727,10,GET,/cpu,9.400000,0.000000,950,1200,1200,1300,1400,1500,1600,1700,1700,1700,1700,2712,1136,780,619.3037679948393,0.7880030007072492,1964.3859880006858,105.73746312684366
1791208727,10,,Aggregated,9.400000,0.000000,950,1200,1200,1300,1400,1500,1600,1700,1700,1700,1700,2712,1136,780,619.3037679948393,0.7880030007072492,1964.3859880006858,105.73746312684366
1791208728,10,GET,/cpu,9.300000,0.000000,950,1200,1200,1300,1400,1500,1600,1700,1700,1700,1700,2722,1136,780,620.6825037174881,0.7880030007072492,1964.3859880006858,105.51432770022042
1791208728,10,,Aggregated,9.300000,0.000000,950,1200,1200,1300,1400,1500,1600,1700,1700,1700,1700,2722,1136,780,620.6825037174881,0.7880030007072492,1964.3859880006858,105.51432770022042
1791208729,10,GET,/cpu,9.200000,0.000000,950,1200,1200,1200,1400,1500,1600,1700,1700,1700,1700,2730,1136,780,621.7487293058616,0.7880030007072492,1964.3859880006858,105.33699633699634
1791208729,10,,Aggregated,9.200000,0.000000,950,1200,1200,1200,1400,1500,1600,1700,1700,1700,1700,2730,1136,780,621.7487293058616,0.7880030007072492,1964.3859880006858,105.33699633699634
1791208730,10,GET,/cpu,9.300000,0.000000,1000,1200,1200,1200,1400,1500,1600,1700,1700,1700,1700,2739,1136,780,623.2561521927714,0.7880030007072492,1964.3859880006858,105.13873676524278
1791208730,10,,Aggregated,9.300000,0.000000,1000,1200,1200,1200,1400,1500,1600,1700,1700,1700,1700,2739,1136,780,623.2561521927714,0.7880030007072492,1964.3859880006858,105.13873676524278
1791208731,10,GET,/cpu,9.400000,0.000000,1100,1200,1200,1200,1300,1400,1500,1600,1600,1600,1600,2748,1136,780,624.769247965794,0.7880030007072492,1964.3859880006858,104.94177583697234
1791208731,10,,Aggregated,9.400000,0.000000,1100,1200,1200,1200,1300,1400,1500,1600,1600,1600,1600,2748,1136,780,624.769247965794,0.7880030007072492,1964.3859880006858,104.94177583697234
1791208730,10,GET,/cpu,9.300000,0.000000,1100,1200,1200,1300,1300,1400,1600,1600,1700,1700,1700,2756,1136,780,626.2715151313502,0.7880030007072492,1964.3859880006858,104.7677793904209
1791208730,10,,Aggregated,9.300000,0.000000,1100,1200,1200,1300,1300,1400,1600,1600,1700,1700,1700,2756,1136,780,626.2715151313502,0.7880030007072492,1964.3859880006858,104.7677793904209
1791208731,10,GET,/cpu,9.400000,0.000000,1100,1200,1200,1300,1300,1400,1400,1500,1600,1600,1600,2764,1136,790,627.8552092369754,0.7880030007072492,1964.3859880006858,104.59479015918959
1791208731,10,,Aggregated,9.400000,0.000000,1100,1200,1200,1300,1300,1400,1400,1500,1600,1600,1600,2764,1136,790,627.8552092369754,0.7880030007072492,1964.3859880006858,104.59479015918959
1791208732,10,GET,/cpu,9.200000,0.000000,1100,1200,1200,1300,1300,1400,1400,1400,1400,1400,1400,2776,1136,790,629.7863477842213,0.7880030007072492,1964.3859880006858,104.33717579250721
1791208732,10,,Aggregated,9.200000,0.000000,1100,1200,1200,1300,1300,1400,1400,1400,1400,1400,1400,2776,1136,790,629.7863477842213,0.7880030007072492,1964.3859880006858,104.33717579250721
1791208733,10,GET,/cpu,10.200000,0.000000,1100,1200,1200,1300,1300,1400,1400,1400,1400,1400,1400,2784,1136,790,630.910031229166,0.7880030007072492,1964.3859880006858,104.16666666666667
1791208733,10,,Aggregated,10.200000,0.000000,1100,1200,1200,1300,1300,1400,1400,1400,1400,1400,1400,2784,1136,790,630.910031229166,0.7880030007072492,1964.3859880006858,104.16666666666667
1791208734,10,GET,/cpu,10.800000,0.000000,1100,1200,1200,1300,1300,1400,1400,1400,1400,1400,1400,2793,1136,790,632.3452199212305,0.7880030007072492,1964.3859880006858,103.97601145721447
1791208734,10,,Aggregated,10.800000,0.000000,1100,1200,1200,1300,1300,1400,1400,1400,1400,1400,1400,2793,1136,790,632.3452199212305,0.7880030007072492,1964.3859880006858,103.97601145721447
1791208735,10,GET,/cpu,10.800000,0.000000,1100,1200,1200,1300,1300,1400,1400,1400,1400,1400,1400,2803,1136,790,633.5173337210122,0.7880030007072492,1964.3859880006858,103.76560827684624
1791208735,10,,Aggregated,10.800000,0.000000,1100,1200,1200,1300,1300,1400,1400,1400,1400,1400,1400,2803,1136,790,633.5173337210122,0.7880030007072492,1964.3859880006858,103.76560827684624
1791208736,10,GET,/cpu,10.800000,0.000000,1100,1200,1200,1300,1300,1400,1400,1400,1400,1400,1400,2813,1136,790,635.0362486612147,0.7880030007072492,1964.3859880006858,103.55670103092784
1791208736,10,,Aggregated,10.800000,0.000000,1100,1200,1200,1300,1300,1400,1400,1400,1400,1400,1400,2813,1136,790,635.0362486612147,0.7880030007072492,1964.3859880006858,103.55670103092784
1791208737,10,GET,/cpu,10.800000,0.000000,1100,1200,1200,1300,1300,1400,1400,1400,1400,1400,1400,2821,1136,790,636.4317502899663,0.7880030007072492,1964.3859880006858,103.39064161644806
1791208737,10,,Aggregated,10.800000,0.000000,1100,1200,1200,1300,1300,1400,1400,1400,1400,1400,1400,2821,1136,790,636.4317502899663,0.7880030007072492,1964.3859880006858,103.39064161644806
1791208738,10,GET,/cpu,10.900000,0.000000,1100,1200,1200,1300,1300,1400,1400,1400,1400,1400,1400,2830,1136,790,637.7461177830368,0.7880030007072492,1964.3859880006858,103.20494699646643
1791208738,10,,Aggregated,10.900000,0.000000,1100,1200,1200,1300,1300,1400,1400,1400,1400,1400,1400,2830,1136,790,637.7461177830368,0.7880030007072492,1964.3859880006858,103.20494699646643
1791208739,10,GET,/cpu,10.800000,0.000000,1100,1200,1200,1300,1300,1400,1400,1400,1400,1400,1400,2840,1136,790,638.9646106436594,0.7880030007072492,1964.3859880006858,103.0
1791208739,10,,Aggregated,10.800000,0.000000,1100,1200,1200,1300,1300,1400,1400,1400,1400,1400,1400,2840,1136,790,638.9646106436594,0.7880030007072492,1964.3859880006858,103.0
1791208740,10,GET,/cpu,10.900000,0.000000,1100,1200,1200,1300,1400,1400,1400,1500,1500,1500,1500,2848,1136,790,640.4056323009099,0.7880030007072492,1964.3859880006858,102.83707865168539
1791208740,10,,Aggregated,10.900000,0.000000,1100,1200,1200,1300,1400,1400,1400,1500,1500,1500,1500,2848,1136,790,640.4056323009099,0.7880030007072492,1964.3859880006858,102.83707865168539
1791208741,10,GET,/cpu,10.800000,0.000000,1100,1200,1200,1300,1400,1400,1600,1600,1600,1600,1600,2856,1136,800,642.0281377076308,0.7880030007072492,1964.3859880006858,102.6750700280112
1791208741,10,,Aggregated,10.800000,0.000000,1100,1200,1200,1300,1400,1400,1600,1600,1600,1600,1600,2856,1136,800,642.0281377076308,0.7880030007072492,1964.3859880006858,102.6750700280112
1791208742,10,GET,/cpu,10.700000,0.000000,1000,1200,1300,1300,1400,1500,1600,1600,1600,1600,1600,2864,1136,800,643.5151705345655,0.7880030007072492,1964.3859880006858,102.51396648044692
1791208742,10,,Aggregated,10.700000,0.000000,1000,1200,1300,1300,1400,1500,1600,1600,1600,1600,1600,2864,1136,800,643.5151705345655,0.7880030007072492,1964.3859880006858,102.51396648044692
1791208743,10,GET,/cpu,9.700000,0.000000,1100,1200,1300,1400,1500,1600,1700,1700,1700,1700,1700,2872,1136,800,645.4048243206817,0.7880030007072492,1964.3859880006858,102.35376044568245
1791208743,10,,Aggregated,9.700000,0.000000,1100,1200,1300,1400,1500,1600,1700,1700,1700,1700,1700,2872,1136,800,645.4048243206817,0.7880030007072492,1964.3859880006858,102.35376044568245
1791208744,10,GET,/cpu,9.200000,0.000000,1100,1200,1400,1400,1600,1600,1700,1700,1700,1700,1700,2878,1136,800,647.0576153488526,0.7880030007072492,1964.3859880006858,102.23419041000695
1791208744,10,,Aggregated,9.200000,0.000000,1100,1200,1400,1400,1600,1600,1700,1700,1700,1700,1700,2878,1136,800,647.0576153488526,0.7880030007072492,1964.3859880006858,102.23419041000695
1791208745,10,GET,/cpu,9.000000,0.000000,1200,1300,1400,1400,1600,1600,1700,1700,1700,1700,1700,2886,1136,800,648.8357766483018,0.7880030007072492,1964.3859880006858,102.07553707553707
1791208745,10,,Aggregated,9.000000,0.000000,1200,1300,1400,1400,1600,1600,1700,1700,1700,1700,1700,2886,1136,800,648.8357766483018,0.7880030007072492,1964.3859880006858,102.07553707553707
1791208746,10,GET,/cpu,8.500000,0.000000,1200,1400,1400,1400,1600,1600,1700,1700,1700,1700,1700,2894,1136,800,650.3917281240504,0.7880030007072492,1964.3859880006858,101.9177608845888
1791208746,10,,Aggregated,8.500000,0.000000,1200,1400,1400,1400,1600,1600,1700,1700,1700,1700,1700,2894,1136,800,650.3917281240504,0.7880030007072492,1964.3859880006858,101.9177608845888
1791208747,10,GET,/cpu,8.500000,0.000000,1200,1400,1400,1500,1600,1600,1700,1700,1700,1700,1700,2903,1136,800,651.9273251760253,0.7880030007072492,1964.3859880006858,101.74130210127454
1791208747,10,,Aggregated,8.500000,0.000000,1200,1400,1400,1500,1600,1600,1700,1700,1700,1700,1700,2903,1136,800,651.9273251760253,0.7880030007072492,1964.3859880006858,101.74130210127454
1791208748,10,GET,/cpu,8.400000,0.000000,1200,1400,1400,1500,1600,1600,1700,1700,1700,1700,1700,2913,1136,800,653.3198637112948,0.7880030007072492,1964.3859880006858,101.54651561963611
1791208748,10,,Aggregated,8.400000,0.000000,1200,1400,1400,1500,1600,1600,1700,1700,1700,1700,1700,2913,1136,800,653.3198637112948,0.7880030007072492,1964.3859880006858,101.54651561963611
1791208749,10,GET,/cpu,8.300000,0.000000,1200,1400,1400,1500,1600,1600,1700,1700,1700,1700,1700,2920,1136,800,654.271556095891,0.7880030007072492,1964.3859880006858,101.41095890410959
1791208749,10,,Aggregated,8.300000,0.000000,1200,1400,1400,1500,1600,1600,1700,1700,1700,1700,1700,2920,1136,800,654.271556095891,0.7880030007072492,1964.3859880006858,101.41095890410959
1791208750,10,GET,/cpu,8.100000,0.000000,1200,1400,1500,1500,1600,1600,1700,1700,1700,1700,1700,2929,1136,810,656.0939876958013,0.7880030007072492,1964.3859880006858,101.23762376237623
1791208750,10,,Aggregated,8.100000,0.000000,1200,1400,1500,1500,1600,1600,1700,1700,1700,1700,1700,2929,1136,810,656.0939876958013,0.7880030007072492,1964.3859880006858,101.23762376237623
1791208751,10,GET,/cpu,8.100000,0.000000,1200,1400,1400,1500,1500,1600,1700,1700,1700,1700,1700,2939,1136,810,657.5063875440637,0.7880030007072492,1964.3859880006858,101.04627424293977
1791208751,10,,Aggregated,8.100000,0.000000,1200,1400,1400,1500,1500,1600,1700,1700,1700,1700,1700,2939,1136,810,657.5063875440637,0.7880030007072492,1964.3859880006858,101.04627424293977
1791208752,10,GET,/cpu,8.100000,0.000000,1200,1300,1400,1500,1500,1600,1700,1700,1700,1700,1700,2947,1136,810,658.623401137768,0.7880030007072492,1964.3859880006858,100.89412962334578
1791208752,10,,Aggregated,8.100000,0.000000,1200,1300,1400,1500,1500,1600,1700,1700,1700,1700,1700,2947,1136,810,658.623401137768,0.7880030007072492,1964.3859880006858,100.89412962334578
1791208753,10,GET,/cpu,8.200000,0.000000,1200,1300,1400,1400,1500,1500,1600,1700,1700,1700,1700,2956,1136,810,660.084706988836,0.7880030007072492,1964.3859880006858,100.72395128552097
1791208753,10,,Aggregated,8.200000,0.000000,1200,1300,1400,1400,1500,1500,1600,1700,1700,1700,1700,2956,1136,810,660.084706988836,0.7880030007072492,1964.3859880006858,100.72395128552097
1791208754,10,GET,/cpu,8.300000,0.000000,1200,1300,1300,1400,1500,1500,1500,1500,1500,1500,1500,2967,1136,810,661.2923048183344,0.7880030007072492,1964.3859880006858,100.51735760026963
1791208754,10,,Aggregated,8.300000,0.000000,1200,1300,1300,1400,1500,1500,1500,1500,1500,1500,1500,2967,1136,810,661.2923048183344,0.7880030007072492,1964.3859880006858,100.51735760026963
1791208755,10,GET,/cpu,8.400000,0.000000,1000,1200,1300,1300,1500,1500,1500,1500,1500,1500,1500,2975,1136,810,662.3934957858822,0.7880030007072492,1964.3859880006858,100.36806722689076
1791208755,10,,Aggregated,8.400000,0.000000,1000,1200,1300,1300,1500,1500,1500,1500,1500,1500,1500,2975,1136,810,662.3934957858822,0.7880030007072492,1964.3859880006858,100.36806722689076
1791208756,10,GET,/cpu,8.700000,0.000000,1200,1200,1300,1300,1400,1500,1500,1500,1500,1500,1500,2984,1136,810,663.9360441022114,0.7880030007072492,1964.3859880006858,100.20107238605898
1791208756,10,,Aggregated,8.700000,0.000000,1200,1200,1300,1300,1400,1500,1500,1500,1500,1500,1500,2984,1136,810,663.9360441022114,0.7880030007072492,1964.3859880006858,100.20107238605898
1791208757,10,GET,/cpu,8.600000,0.000000,1200,1200,1300,1300,1400,1500,1500,1500,1500,1500,1500,2992,1136,810,665.3030610243983,0.7880030007072492,1964.3859880006858,100.05347593582887
1791208757,10,,Aggregated,8.600000,0.000000,1200,1200,1300,1300,1400,1500,1500,1500,1500,1500,1500,2992,1136,810,665.3030610243983,0.7880030007072492,1964.3859880006858,100.05347593582887
1791208758,10,GET,/cpu,8.800000,0.000000,1200,1300,1300,1300,1400,1500,1500,1500,1500,1500,1500,3000,1136,810,666.7360594826666,0.7880030007072492,1964.3859880006858,99.90666666666667
1791208758,10,,Aggregated,8.800000,0.000000,1200,1300,1300,1300,1400,1500,1500,1500,1500,1500,1500,3000,1136,810,666.7360594826666,0.7880030007072492,1964.3859880006858,99.90666666666667
1791208759,10,GET,/cpu,8.800000,0.000000,1200,1300,1300,1300,1400,1500,1500,1500,1500,1500,1500,3008,1136,810,668.0113429305187,0.7880030007072492,1964.3859880006858,99.76063829787235
1791208759,10,,Aggregated,8.800000,0.000000,1200,1300,1300,1300,1400,1500,1500,1500,1500,1500,1500,3008,1136,810,668.0113429305187,0.7880030007072492,1964.3859880006858,99.76063829787235
1791208760,10,GET,/cpu,8.700000,0.000000,1200,1300,1300,1300,1400,1400,1500,1500,1500,1500,1500,3016,1136,810,669.1290644827591,0.7880030007072492,1964.3859880006858,99.61538461538461
1791208760,10,,Aggregated,8.700000,0.000000,1200,1300,1300,1300,1400,1400,1500,1500,1500,1500,1500,3016,1136,810,669.1290644827591,0.7880030007072492,1964.3859880006858,99.61538461538461
1791208761,10,GET,/cpu,8.800000,0.000000,1200,1300,1300,1300,1400,1500,1500,1600,1600,1600,1600,3025,1136,810,670.488535425786,0.7880030007072492,1964.3859880006858,99.45289256198348
1791208761,10,,Aggregated,8.800000,0.000000,1200,1300,1300,1300,1400,1500,1500,1600,1600,1600,1600,3025,1136,810,670.488535425786,0.7880030007072492,1964.3859880006858,99.45289256198348
1791208760,10,GET,/cpu,8.700000,0.000000,1200,1300,1300,1300,1400,1500,1600,1600,1700,1700,1700,3033,1136,820,672.0116037952528,0.7880030007072492,1964.3859880006858,99.30926475436861
1791208760,10,,Aggregated,8.700000,0.000000,1200,1300,1300,1300,1400,1500,1600,1600,1700,1700,1700,3033,1136,820,672.0116037952528,0.7880030007072492,1964.3859880006858,99.30926475436861
1791208761,10,GET,/cpu,8.800000,0.000000,1200,1300,1300,1400,1500,1500,1600,1700,1700,1700,1700,3043,1136,820,673.5553733959916,0.7880030007072492,1964.3859880006858,99.13079198159711
1791208761,10,,Aggregated,8.800000,0.000000,1200,1300,1300,1400,1500,1500,1600,1700,1700,1700,1700,3043,1136,820,673.5553733959916,0.7880030007072492,1964.3859880006858,99.13079198159711
1791208762,10,GET,/cpu,8.900000,0.000000,1200,1300,1300,1400,1500,1500,1600,1700,1700,1700,1700,3051,1136,820,674.6393202196008,0.7880030007072492,1964.3859880006858,98.98885611274991
1791208762,10,,Aggregated,8.900000,0.000000,1200,1300,1300,1400,1500,1500,1600,1700,1700,1700,1700,3051,1136,820,674.6393202196008,0.7880030007072492,1964.3859880006858,98.98885611274991
1791208763,10,GET,/cpu,9.000000,0.000000,1200,1300,1400,1400,1500,1500,1600,1700,1700,1700,1700,3059,1136,820,675.8447932661011,0.7880030007072492,1964.3859880006858,98.84766263484799
1791208763,10,,Aggregated,9.000000,0.000000,1200,1300,1400,1400,1500,1500,1600,1700,1700,1700,1700,3059,1136,820,675.8447932661011,0.7880030007072492,1964.3859880006858,98.84766263484799
1791208764,10,GET,/cpu,9.600000,0.000000,1100,1300,1400,1400,1500,1500,1600,1600,1700,1700,1700,3069,1136,820,677.2529618602156,0.7880030007072492,1964.3859880006858,98.67220593027045
1791208764,10,,Aggregated,9.600000,0.000000,1100,1300,1400,1400,1500,1500,1600,1600,1700,1700,1700,3069,1136,820,677.2529618602156,0.7880030007072492,1964.3859880006858,98.67220593027045
1791208765,10,GET,/cpu,10.000000,0.000000,1200,1300,1400,1400,1500,1500,1600,1700,1700,1700,1700,3078,1136,820,678.399992741391,0.7880030007072492,1964.3859880006858,98.51526965562053
1791208765,10,,Aggregated,10.000000,0.000000,1200,1300,1400,1400,1500,1500,1600,1700,1700,1700,1700,3078,1136,820,678.399992741391,0.7880030007072492,1964.3859880006858,98.51526965562053
1791208766,10,GET,/cpu,10.000000,0.000000,1100,1300,1300,1400,1400,1500,1600,1600,1700,1700,1700,3087,1136,820,679.634895587626,0.7880030007072492,1964.3859880006858,98.35924846128928
1791208766,10,,Aggregated,10.000000,0.000000,1100,1300,1300,1400,1400,1500,1600,1600,1700,1700,1700,3087,1136,820,679.634895587626,0.7880030007072492,1964.3859880006858,98.35924846128928
1791208767,10,GET,/cpu,10.100000,0.000000,1200,1300,1300,1400,1400,1500,1600,1600,1700,1700,1700,3095,1136,820,680.7268678617131,0.7880030007072492,1964.3859880006858,98.22132471728594
1791208767,10,,Aggregated,10.100000,0.000000,1200,1300,1300,1400,1400,1500,1600,1600,1700,1700,1700,3095,1136,820,680.7268678617131,0.7880030007072492,1964.3859880006858,98.22132471728594
1791208768,10,GET,/cpu,10.000000,0.000000,1000,1300,1300,1400,1400,1500,1600,1700,1700,1700,1700,3103,1136,820,681.7907600290042,0.7880030007072492,1964.3859880006858,98.08411214953271
1791208768,10,,Aggregated,10.000000,0.000000,1000,1300,1300,1400,1400,1500,1600,1700,1700,1700,1700,3103,1136,820,681.7907600290042,0.7880030007072492,1964.3859880006858,98.08411214953271
1791208769,10,GET,/cpu,10.100000,0.000000,1000,1300,1300,1400,1400,1500,1600,1700,1700,1700,1700,3111,1136,820,682.9831591186113,0.7880030007072492,1964.3859880006858,97.94760527161684
1791208769,10,,Aggregated,10.100000,0.000000,1000,1300,1300,1400,1400,1500,1600,1700,1700,1700,1700,3111,1136,820,682.9831591186113,0.7880030007072492,1964.3859880006858,97.94760527161684
1791208770,10,GET,/cpu,10.200000,0.000000,1200,1300,1300,1400,1400,1400,1500,1500,1500,1500,1500,3121,1136,820,684.5702671794292,0.7880030007072492,1964.3859880006858,97.77795578340276
1791208770,10,,Aggregated,10.200000,0.000000,1200,1300,1300,1400,1400,1400,1500,1500,1500,1500,1500,3121,1136,820,684.5702671794292,0.7880030007072492,1964.3859880006858,97.77795578340276
1791208771,10,GET,/cpu,10.000000,0.000000,1200,1300,1300,1300,1400,1400,1500,1500,1500,1500,1500,3129,1136,830,685.7957243454775,0.7880030007072492,1964.3859880006858,97.64301693831895
1791208771,10,,Aggregated,10.000000,0.000000,1200,1300,1300,1300,1400,1400,1500,1500,1500,1500,1500,3129,1136,830,685.7957243454775,0.7880030007072492,1964.3859880006858,97.64301693831895
1791208772,10,GET,/cpu,9.900000,0.000000,1200,1300,1300,1400,1400,1400,1500,1500,1500,1500,1500,3137,1136,830,687.042742280204,0.7880030007072492,1964.3859880006858,97.5087663372649
1791208772,10,,Aggregated,9.900000,0.000000,1200,1300,1300,1400,1400,1400,1500,1500,1500,1500,1500,3137,1136,830,687.042742280204,0.7880030007072492,1964.3859880006858,97.5087663372649
1791208773,10,GET,/cpu,9.900000,0.000000,1200,1300,1300,1400,1400,1400,1400,1500,1500,1500,1500,3145,1136,830,688.2732020356117,0.7880030007072492,1964.3859880006858,97.3751987281399
1791208773,10,,Aggregated,9.900000,0.000000,1200,1300,1300,1400,1400,1400,1400,1500,1500,1500,1500,3145,1136,830,688.2732020356117,0.7880030007072492,1964.3859880006858,97.3751987281399
1791208774,10,GET,/cpu,9.000000,0.000000,1200,1300,1300,1400,1400,1400,1400,1500,1500,1500,1500,3156,1136,830,689.5062425167926,0.7880030007072492,1964.3859880006858,97.19264892268694
1791208774,10,,Aggregated,9.000000,0.000000,1200,1300,1300,1400,1400,1400,1400,1500,1500,1500,1500,3156,1136,830,689.5062425167926,0.7880030007072492,1964.3859880006858,97.19264892268694
1791208775,10,GET,/cpu,8.600000,0.000000,1200,1300,1300,1400,1400,1400,1400,1500,1500,1500,1500,3165,1136,830,690.7601090916261,0.7880030007072492,1964.3859880006858,97.04423380726698
1791208775,10,,Aggregated,8.600000,0.000000,1200,1300,1300,1400,1400,1400,1400,1500,1500,1500,1500,3165,1136,830,690.7601090916261,0.7880030007072492,1964.3859880006858,97.04423380726698
1791208777,10,GET,/cpu,8.600000,0.000000,1200,1300,1300,1400,1400,1400,1400,1500,1500,1500,1500,3173,1136,830,691.7830056722336,0.7880030007072492,1964.3859880006858,96.91301607311692
1791208777,10,,Aggregated,8.600000,0.000000,1200,1300,1300,1400,1400,1400,1400,1500,1500,1500,1500,3173,1136,830,691.7830056722336,0.7880030007072492,1964.3859880006858,96.91301607311692
1791208778,10,GET,/cpu,8.700000,0.000000,1200,1300,1300,1400,1400,1400,1400,1500,1500,1500,1500,3182,1136,830,692.7708606464479,0.7880030007072492,1964.3859880006858,96.7661847894406
1791208778,10,,Aggregated,8.700000,0.000000,1200,1300,1300,1400,1400,1400,1400,1500,1500,1500,1500,3182,1136,830,692.7708606464479,0.7880030007072492,1964.3859880006858,96.7661847894406
1791208779,10,GET,/cpu,8.700000,0.000000,1200,1300,1300,1300,1400,1400,1400,1500,1500,1500,1500,3190,1136,840,693.7785085307199,0.7880030007072492,1964.3859880006858,96.63636363636364
1791208779,10,,Aggregated,8.700000,0.000000,1200,1300,1300,1300,1400,1400,1400,1500,1500,1500,1500,3190,1136,840,693.7785085307199,0.7880030007072492,1964.3859880006858,96.63636363636364
1791208780,10,GET,/cpu,8.600000,0.000000,1100,1300,1300,1300,1400,1400,1400,1400,1400,1400,1400,3201,1136,840,695.0854714611049,0.7880030007072492,1964.3859880006858,96.45891908778506
1791208780,10,,Aggregated,8.600000,0.000000,1100,1300,1300,1300,1400,1400,1400,1400,1400,1400,1400,3201,1136,840,695.0854714611049,0.7880030007072492,1964.3859880006858,96.45891908778506
1791208781,10,GET,/cpu,8.700000,0.000000,1100,1300,1300,1300,1400,1400,1400,1400,1400,1400,1400,3210,1136,840,696.0874960794382,0.7880030007072492,1964.3859880006858,96.31464174454828
1791208781,10,,Aggregated,8.700000,0.000000,1100,1300,1300,1300,1400,1400,1400,1400,1400,1400,1400,3210,1136,840,696.0874960794382,0.7880030007072492,1964.3859880006858,96.31464174454828
1791208782,10,GET,/cpu,8.700000,0.000000,1100,1300,1300,1300,1400,1400,1500,1500,1500,1500,1500,3218,1136,840,697.2043506333116,0.7880030007072492,1964.3859880006858,96.18707271597265
1791208782,10,,Aggregated,8.700000,0.000000,1100,1300,1300,1300,1400,1400,1500,1500,1500,1500,1500,3218,1136,840,697.2043506333116,0.7880030007072492,1964.3859880006858,96.18707271597265
1791208783,10,GET,/cpu,9.000000,0.000000,1100,1300,1300,1300,1400,1400,1500,1500,1500,1500,1500,3227,1136,840,698.3089613418022,0.7880030007072492,1964.3859880006858,96.04431360396653
1791208783,10,,Aggregated,9.000000,0.000000,1100,1300,1300,1300,1400,1400,1500,1500,1500,1500,1500,3227,1136,840,698.3089613418022,0.7880030007072492,1964.3859880006858,96.04431360396653
1791208784,10,GET,/cpu,8.900000,0.000000,1100,1300,1300,1300,1400,1400,1500,1500,1500,1500,1500,3235,1136,840,699.1677707168459,0.7880030007072492,1964.3859880006858,95.91808346213293
1791208784,10,,Aggregated,8.900000,0.000000,1100,1300,1300,1300,1400,1400,1500,1500,1500,1500,1500,3235,1136,840,699.1677707168459,0.7880030007072492,1964.3859880006858,95.91808346213293
1791208785,10,GET,/cpu,8.900000,0.000000,1100,1300,1300,1300,1400,1400,1500,1500,1500,1500,1500,3245,1136,840,700.7003343112467,0.7880030007072492,1964.3859880006858,95.76117103235747
1791208785,10,,Aggregated,8.900000,0.000000,1100,1300,1300,1300,1400,1400,1500,1500,1500,1500,1500,3245,1136,840,700.7003343112467,0.7880030007072492,1964.3859880006858,95.76117103235747
1791208786,10,GET,/cpu,9.000000,0.000000,1100,1300,1300,1300,1400,1400,1500,1500,1500,1500,1500,3253,1136,840,701.8348070218245,0.7880030007072492,1964.3859880006858,95.63633569013219
1791208786,10,,Aggregated,9.000000,0.000000,1100,1300,1300,1300,1400,1400,1500,1500,1500,1500,1500,3253,1136,840,701.8348070218245,0.7880030007072492,1964.3859880006858,95.63633569013219
1791208787,10,GET,/cpu,8.900000,0.000000,1100,1300,1300,1300,1400,1400,1500,1500,1500,1500,1500,3262,1136,840,702.8942257455531,0.7880030007072492,1964.3859880006858,95.49662783568363
1791208787,10,,Aggregated,8.900000,0.000000,1100,1300,1300,1300,1400,1400,1500,1500,1500,1500,1500,3262,1136,840,702.8942257455531,0.7880030007072492,1964.3859880006858,95.49662783568363
1791208788,10,GET,/cpu,8.900000,0.000000,1100,1300,1300,1300,1400,1400,1500,1500,1500,1500,1500,3271,1136,840,704.0732086398632,0.7880030007072492,1964.3859880006858,95.35768878018955
1791208788,10,,Aggregated,8.900000,0.000000,1100,1300,1300,1300,1400,1400,1500,1500,1500,1500,1500,3271,1136,840,704.0732086398632,0.7880030007072492,1964.3859880006858,95.35768878018955
1791208789,10,GET,/cpu,8.800000,0.000000,1200,1300,1300,1300,1400,1400,1500,1500,1500,1500,1500,3279,1136,850,705.0445267416872,0.7880030007072492,1964.3859880006858,95.23482769136932
1791208789,10,,Aggregated,8.800000,0.000000,1200,1300,1300,1300,1400,1400,1500,1500,1500,1500,1500,3279,1136,850,705.0445267416872,0.7880030007072492,1964.3859880006858,95.23482769136932
1791208790,10,GET,/cpu,8.800000,0.000000,1200,1300,1300,1300,1400,1400,1500,1500,1500,1500,1500,3288,1136,850,705.9640318804721,0.7880030007072492,1964.3859880006858,95.09732360097324
1791208790,10,,Aggregated,8.800000,0.000000,1200,1300,1300,1300,1400,1400,1500,1500,1500,1500,1500,3288,1136,850,705.9640318804721,0.7880030007072492,1964.3859880006858,95.09732360097324
1791208791,10,GET,/cpu,8.900000,0.000000,1200,1300,1300,1300,1400,1400,1400,1500,1500,1500,1500,3297,1136,850,706.9358828859548,0.7880030007072492,1964.3859880006858,94.96057021534729
1791208791,10,,Aggregated,8.900000,0.000000,1200,1300,1300,1300,1400,1400,1400,1500,1500,1500,1500,3297,1136,850,706.9358828859548,0.7880030007072492,1964.3859880006858,94.96057021534729
1791208792,10,GET,/cpu,8.900000,0.000000,1200,1300,1300,1300,1400,1400,1400,1400,1400,1400,1400,3305,1136,850,708.0547180647478,0.7880030007072492,1964.3859880006858,94.83963691376702
1791208792,10,,Aggregated,8.900000,0.000000,1200,1300,1300,1300,1400,1400,1400,1400,1400,1400,1400,3305,1136,850,708.0547180647478,0.7880030007072492,1964.3859880006858,94.83963691376702
1791208791,10,GET,/cpu,8.700000,0.000000,1200,1300,1300,1300,1400,1400,1500,1500,1500,1500,1500,3314,1136,850,709.1765332528638,0.7880030007072492,1964.3859880006858,94.70428485214242
1791208791,10,,Aggregated,8.700000,0.000000,1200,1300,1300,1300,1400,1400,1500,1500,1500,1500,1500,3314,1136,850,709.1765332528638,0.7880030007072492,1964.3859880006858,94.70428485214242
1791208792,10,GET,/cpu,8.700000,0.000000,1200,1300,1300,1300,1400,1400,1500,1500,1500,1500,1500,3323,1136,850,710.2885005359585,0.7880030007072492,1964.3859880006858,94.56966596448991
1791208792,10,,Aggregated,8.700000,0.000000,1200,1300,1300,1300,1400,1400,1500,1500,1500,1500,1500,3323,1136,850,710.2885005359585,0.7880030007072492,1964.3859880006858,94.56966596448991
1791208793,10,GET,/cpu,8.700000,0.000000,1200,1300,1300,1300,1400,1400,1500,1500,1500,1500,1500,3331,1136,850,711.3502104626215,0.7880030007072492,1964.3859880006858,94.45061543080156
1791208793,10,,Aggregated,8.700000,0.000000,1200,1300,1300,1300,1400,1400,1500,1500,1500,1500,1500,3331,1136,850,711.3502104626215,0.7880030007072492,1964.3859880006858,94.45061543080156
1791208794,10,GET,/cpu,9.400000,0.000000,1200,1300,1300,1300,1400,1400,1500,1500,1500,1500,1500,3341,1136,850,712.4468201164302,0.7880030007072492,1964.3859880006858,94.30260401077521
1791208794,10,,Aggregated,9.400000,0.000000,1200,1300,1300,1300,1400,1400,1500,1500,1500,1500,1500,3341,1136,850,712.4468201164302,0.7880030007072492,1964.3859880006858,94.30260401077521
1791208795,10,GET,/cpu,10.200000,0.000000,1200,1300,1300,1300,1400,1400,1500,1500,1500,1500,1500,3350,1136,850,713.5327661480575,0.7880030007072492,1964.3859880006858,94.17014925373134
1791208795,10,,Aggregated,10.200000,0.000000,1200,1300,1300,1300,1400,1400,1500,1500,1500,1500,1500,3350,1136,850,713.5327661480575,0.7880030007072492,1964.3859880006858,94.17014925373134
1791208796,10,GET,/cpu,10.300000,0.000000,1200,1300,1300,1300,1400,1400,1500,1500,1500,1500,1500,3358,1136,850,714.5114457042856,0.7880030007072492,1964.3859880006858,94.053007742704
1791208796,10,,Aggregated,10.300000,0.000000,1200,1300,1300,1300,1400,1400,1500,1500,1500,1500,1500,3358,1136,850,714.5114457042856,0.7880030007072492,1964.3859880006858,94.053007742704
1791208797,10,GET,/cpu,10.100000,0.000000,1200,1300,1300,1300,1400,1400,1500,1500,1500,1500,1500,3366,1136,850,715.2877550825884,0.7880030007072492,1964.3859880006858,93.93642305407012
1791208797,10,,Aggregated,10.100000,0.000000,1200,1300,1300,1300,1400,1400,1500,1500,1500,1500,1500,3366,1136,850,715.2877550825884,0.7880030007072492,1964.3859880006858,93.93642305407012
1791208798,10,GET,/cpu,10.100000,0.000000,1200,1300,1300,1300,1400,1400,1500,1500,1500,1500,1500,3374,1136,850,716.4353823449887,0.7880030007072492,1964.3859880006858,93.82039122703023
1791208798,10,,Aggregated,10.100000,0.000000,1200,1300,1300,1300,1400,1400,1500,1500,1500,1500,1500,3374,1136,850,716.4353823449887,0.7880030007072492,1964.3859880006858,93.82039122703023
1791208799,10,GET,/cpu,10.400000,0.000000,1200,1300,1300,1400,1400,1500,1600,1600,1600,1600,1600,3382,1136,850,717.7586158914823,0.7880030007072492,1964.3859880006858,93.70490833826139
1791208799,10,,Aggregated,10.400000,0.000000,1200,1300,1300,1400,1400,1500,1600,1600,1600,1600,1600,3382,1136,850,717.7586158914823,0.7880030007072492,1964.3859880006858,93.70490833826139
1791208800,10,GET,/cpu,10.200000,0.000000,1200,1300,1300,1400,1400,1500,1600,1600,1600,1600,1600,3393,1136,850,718.9558197763022,0.7880030007072492,1964.3859880006858,93.54700854700855
1791208800,10,,Aggregated,10.200000,0.000000,1200,1300,1300,1400,1400,1500,1600,1600,1600,1600,1600,3393,1136,850,718.9558197763022,0.7880030007072492,1964.3859880006858,93.54700854700855
1791208801,10,GET,/cpu,10.100000,0.000000,1200,1300,1300,1300,1400,1500,1600,1600,1600,1600,1600,3402,1136,850,719.7820618947658,0.7880030007072492,1964.3859880006858,93.4185773074662
1791208801,10,,Aggregated,10.100000,0.000000,1200,1300,1300,1300,1400,1500,1600,1600,1600,1600,1600,3402,1136,850,719.7820618947658,0.7880030007072492,1964.3859880006858,93.4185773074662
1791208802,10,GET,/cpu,10.200000,0.000000,1200,1300,1300,1300,1400,1500,1600,1600,1600,1600,1600,3411,1136,850,720.6949322867175,0.7880030007072492,1964.3859880006858,93.29082380533568
1791208802,10,,Aggregated,10.200000,0.000000,1200,1300,1300,1300,1400,1500,1600,1600,1600,1600,1600,3411,1136,850,720.6949322867175,0.7880030007072492,1964.3859880006858,93.29082380533568
1791208803,10,GET,/cpu,10.100000,0.000000,1100,1200,1300,1300,1400,1500,1600,1600,1600,1600,1600,3421,1136,850,721.5287208415648,0.7880030007072492,1964.3859880006858,93.14966384098217
1791208803,10,,Aggregated,10.100000,0.000000,1100,1200,1300,1300,1400,1500,1600,1600,1600,1600,1600,3421,1136,850,721.5287208415648,0.7880030007072492,1964.3859880006858,93.14966384098217
1791208804,10,GET,/cpu,9.600000,0.000000,1100,1200,1300,1300,1400,1500,1600,1600,1600,1600,1600,3431,1136,860,722.4964466059441,0.7880030007072492,1964.3859880006858,93.00932672690178
1791208804,10,,Aggregated,9.600000,0.000000,1100,1200,1300,1300,1400,1500,1600,1600,1600,1600,1600,3431,1136,860,722.4964466059441,0.7880030007072492,1964.3859880006858,93.00932672690178
1791208805,10,GET,/cpu,8.900000,0.000000,1100,1200,1300,1300,1400,1500,1600,1600,1600,1600,1600,3440,1136,860,723.2550443491265,0.7880030007072492,1964.3859880006858,92.88372093023256
1791208805,10,,Aggregated,8.900000,0.000000,1100,1200,1300,1300,1400,1500,1600,1600,1600,1600,1600,3440,1136,860,723.2550443491265,0.7880030007072492,1964.3859880006858,92.88372093023256
1791208806,10,GET,/cpu,8.900000,0.000000,1100,1200,1200,1300,1400,1500,1600,1600,1600,1600,1600,3448,1136,860,723.8678443546968,0.7880030007072492,1964.3859880006858,92.77262180974478
1791208806,10,,Aggregated,8.900000,0.000000,1100,1200,1200,1300,1400,1500,1600,1600,1600,1600,1600,3448,1136,860,723.8678443546968,0.7880030007072492,1964.3859880006858,92.77262180974478
1791208807,10,GET,/cpu,9.000000,0.000000,1000,1200,1200,1300,1400,1500,1600,1600,1600,1600,1600,3460,1136,860,724.9953677916166,0.7880030007072492,1964.3859880006858,92.60693641618496
1791208807,10,,Aggregated,9.000000,0.000000,1000,1200,1200,1300,1400,1500,1600,1600,1600,1600,1600,3460,1136,860,724.9953677916166,0.7880030007072492,1964.3859880006858,92.60693641618496
1791208808,10,GET,/cpu,9.300000,0.000000,1100,1200,1200,1300,1300,1400,1500,1600,1600,1600,1600,3468,1136,860,725.6976894152231,0.7880030007072492,1964.3859880006858,92.49711649365629
1791208808,10,,Aggregated,9.300000,0.000000,1100,1200,1200,1300,1300,1400,1500,1600,1600,1600,1600,3468,1136,860,725.6976894152231,0.7880030007072492,1964.3859880006858,92.49711649365629
1791208809,10,GET,/cpu,9.100000,0.000000,1100,1200,1200,1200,1300,1300,1400,1400,1400,1400,1400,3479,1136,860,726.5775541422798,0.7880030007072492,1964.3859880006858,92.34693877551021
1791208809,10,,Aggregated,9.100000,0.000000,1100,1200,1200,1200,1300,1300,1400,1400,1400,1400,1400,3479,1136,860,726.5775541422798,0.7880030007072492,1964.3859880006858,92.34693877551021
1791208810,10,GET,/cpu,9.100000,0.000000,1100,1200,1200,1200,1300,1300,1400,1400,1400,1400,1400,3487,1136,860,727.3022542996815,0.7880030007072492,1964.3859880006858,92.23831373673644
1791208810,10,,Aggregated,9.100000,0.000000,1100,1200,1200,1200,1300,1300,1400,1400,1400,1400,1400,3487,1136,860,727.3022542996815,0.7880030007072492,1964.3859880006858,92.23831373673644
1791208811,10,GET,/cpu,9.500000,0.000000,970,1200,1200,1200,1300,1300,1400,1400,1400,1400,1400,3496,1136,860,728.0506458644134,0.7880030007072492,1964.3859880006858,92.11670480549199
1791208811,10,,Aggregated,9.500000,0.000000,970,1200,1200,1200,1300,1300,1400,1400,1400,1400,1400,3496,1136,860,728.0506458644134,0.7880030007072492,1964.3859880006858,92.11670480549199
1791208812,10,GET,/cpu,9.400000,0.000000,1100,1200,1200,1200,1300,1300,1400,1400,1400,1400,1400,3505,1136,860,729.0467132151178,0.7880030007072492,1964.3859880006858,91.99572039942939
1791208812,10,,Aggregated,9.400000,0.000000,1100,1200,1200,1200,1300,1300,1400,1400,1400,1400,1400,3505,1136,860,729.0467132151178,0.7880030007072492,1964.3859880006858,91.99572039942939
1791208813,10,GET,/cpu,9.600000,0.000000,1100,1200,1200,1300,1300,1300,1400,1400,1400,1400,1400,3513,1136,860,730.0595723344687,0.7880030007072492,1964.3859880006858,91.88869911756333
1791208813,10,,Aggregated,9.600000,0.000000,1100,1200,1200,1300,1300,1300,1400,1400,1400,1400,1400,3513,1136,860,730.0595723344687,0.7880030007072492,1964.3859880006858,91.88869911756333
1791208814,10,GET,/cpu,9.400000,0.000000,1100,1200,1200,1300,1300,1300,1300,1300,1300,1300,1300,3522,1136,860,731.0205920698437,0.7880030007072492,1964.3859880006858,91.76888131743328
1791208814,10,,Aggregated,9.400000,0.000000,1100,1200,1200,1300,1300,1300,1300,1300,1300,1300,1300,3522,1136,860,731.0205920698437,0.7880030007072492,1964.3859880006858,91.76888131743328
1791208815,10,GET,/cpu,9.200000,0.000000,1100,1200,1300,1300,1300,1300,1300,1400,1400,1400,1400,3530,1136,860,731.9350207334247,0.7880030007072492,1964.3859880006858,91.66288951841359
1791208815,10,,Aggregated,9.200000,0.000000,1100,1200,1300,1300,1300,1300,1300,1400,1400,1400,1400,3530,1136,860,731.9350207334247,0.7880030007072492,1964.3859880006858,91.66288951841359
1791208816,10,GET,/cpu,9.300000,0.000000,1100,1200,1300,1300,1300,1300,1300,1400,1400,1400,1400,3541,1136,860,733.0072484080737,0.7880030007072492,1964.3859880006858,91.5179327873482
1791208816,10,,Aggregated,9.300000,0.000000,1100,1200,1300,1300,1300,1300,1300,1400,1400,1400,1400,3541,1136,860,733.0072484080737,0.7880030007072492,1964.3859880006858,91.5179327873482
1791208817,10,GET,/cpu,9.300000,0.000000,1100,1200,1300,1300,1300,1300,1300,1400,1400,1400,1400,3549,1136,860,733.8116455370492,0.7880030007072492,1964.3859880006858,91.4130741053818
1791208817,10,,Aggregated,9.300000,0.000000,1100,1200,1300,1300,1300,1300,1300,1400,1400,1400,1400,3549,1136,860,733.8116455370492,0.7880030007072492,1964.3859880006858,91.4130741053818
1791208818,10,GET,/cpu,9.000000,0.000000,1100,1200,1300,1300,1300,1300,1300,1400,1400,1400,1400,3558,1136,860,734.6988079682369,0.7880030007072492,1964.3859880006858,91.29567172568859
1791208818,10,,Aggregated,9.000000,0.000000,1100,1200,1300,1300,1300,1300,1300,1400,1400,1400,1400,3558,1136,860,734.6988079682369,0.7880030007072492,1964.3859880006858,91.29567172568859
1791208819,10,GET,/cpu,9.000000,0.000000,1200,1200,1300,1300,1300,1300,1400,1400,1400,1400,1400,3566,1136,860,735.4454746438553,0.7880030007072492,1964.3859880006858,91.19181155356141
1791208819,10,,Aggregated,9.000000,0.000000,1200,1200,1300,1300,1300,1300,1400,1400,1400,1400,1400,3566,1136,860,735.4454746438553,0.7880030007072492,1964.3859880006858,91.19181155356141
1791208820,10,GET,/cpu,9.100000,0.000000,1200,1200,1300,1300,1300,1300,1400,1400,1400,1400,1400,3577,1136,860,736.3046686860464,0.7880030007072492,1964.3859880006858,91.0497623707017
1791208820,10,,Aggregated,9.100000,0.000000,1200,1200,1300,1300,1300,1300,1400,1400,1400,1400,1400,3577,1136,860,736.3046686860464,0.7880030007072492,1964.3859880006858,91.0497623707017
1791208821,10,GET,/cpu,8.900000,0.000000,1200,1200,1300,1300,1300,1300,1400,1400,1400,1400,1400,3585,1136,860,737.0131223760075,0.7880030007072492,1964.3859880006858,90.94700139470014
1791208821,10,,Aggregated,8.900000,0.000000,1200,1200,1300,1300,1300,1300,1400,1400,1400,1400,1400,3585,1136,860,737.0131223760075,0.7880030007072492,1964.3859880006858,90.94700139470014
1791208822,10,GET,/cpu,8.900000,0.000000,1200,1300,1300,1300,1300,1300,1400,1400,1400,1400,1400,3593,1136,860,737.9113068878339,0.7880030007072492,1964.3859880006858,90.84469802393544
1791208822,10,,Aggregated,8.900000,0.000000,1200,1300,1300,1300,1300,1300,1400,1400,1400,1400,1400,3593,1136,860,737.9113068878339,0.7880030007072492,1964.3859880006858,90.84469802393544
1791208823,10,GET,/cpu,8.800000,0.000000,1200,1300,1300,1300,1300,1400,1400,1400,1400,1400,1400,3605,1136,860,739.0607817267654,0.7880030007072492,1964.3859880006858,90.69209431345354
1791208823,10,,Aggregated,8.800000,0.000000,1200,1300,1300,1300,1300,1400,1400,1400,1400,1400,1400,3605,1136,860,739.0607817267654,0.7880030007072492,1964.3859880006858,90.69209431345354
1791208822,10,GET,/cpu,8.900000,0.000000,1200,1300,1300,1300,1300,1400,1400,1400,1400,1400,1400,3613,1136,860,739.859973603928,0.7880030007072492,1964.3859880006858,90.59092167174093
1791208822,10,,Aggregated,8.900000,0.000000,1200,1300,1300,1300,1300,1400,1400,1400,1400,1400,1400,3613,1136,860,739.859973603928,0.7880030007072492,1964.3859880006858,90.59092167174093
1791208823,10,GET,/cpu,8.800000,0.000000,1200,1300,1300,1300,1300,1400,1400,1400,1400,1400,1400,3621,1136,860,740.5890453623291,0.7880030007072492,1964.3859880006858,90.49019607843137
1791208823,10,,Aggregated,8.800000,0.000000,1200,1300,1300,1300,1300,1400,1400,1400,1400,1400,1400,3621,1136,860,740.5890453623291,0.7880030007072492,1964.3859880006858,90.49019607843137
1791208824,10,GET,/cpu,9.200000,0.000000,1200,1300,1300,1300,1400,1400,1400,1600,1600,1600,1600,3629,1136,860,741.5747900380252,0.7880030007072492,1964.3859880006858,90.38991457701846
1791208824,10,,Aggregated,9.200000,0.000000,1200,1300,1300,1300,1400,1400,1400,1600,1600,1600,1600,3629,1136,860,741.5747900380252,0.7880030007072492,1964.3859880006858,90.38991457701846
1791208825,10,GET,/cpu,10.200000,0.000000,1200,1300,1300,1300,1400,1400,1600,1600,1600,1600,1600,3637,1136,860,742.5688629092643,0.7880030007072492,1964.3859880006858,90.29007423700853
1791208825,10,,Aggregated,10.200000,0.000000,1200,1300,1300,1300,1400,1400,1600,1600,1600,1600,1600,3637,1136,860,742.5688629092643,0.7880030007072492,1964.3859880006858,90.29007423700853
1791208826,10,GET,/cpu,10.500000,0.000000,1200,1300,1300,1300,1400,1400,1600,1600,1600,1600,1600,3645,1136,860,743.4214062842233,0.7880030007072492,1964.3859880006858,90.19067215363512
1791208826,10,,Aggregated,10.500000,0.000000,1200,1300,1300,1300,1400,1400,1600,1600,1600,1600,1600,3645,1136,860,743.4214062842233,0.7880030007072492,1964.3859880006858,90.19067215363512
1791208827,10,GET,/cpu,10.400000,0.000000,980,1300,1300,1300,1400,1400,1500,1600,1600,1600,1600,3656,1136,860,744.3030402067814,0.7880030007072492,1964.3859880006858,90.054704595186
1791208827,10,,Aggregated,10.400000,0.000000,980,1300,1300,1300,1400,1400,1500,1600,1600,1600,1600,3656,1136,860,744.3030402067814,0.7880030007072492,1964.3859880006858,90.054704595186
1791208828,10,GET,/cpu,10.400000,0.000000,1200,1300,1300,1300,1400,1400,1500,1600,1600,1600,1600,3665,1136,860,745.173135619643,0.7880030007072492,1964.3859880006858,89.94406548431105
1791208828,10,,Aggregated,10.400000,0.000000,1200,1300,1300,1300,1400,1400,1500,1600,1600,1600,1600,3665,1136,860,745.173135619643,0.7880030007072492,1964.3859880006858,89.94406548431105
1791208829,10,GET,/cpu,10.400000,0.000000,980,1300,1300,1300,1400,1400,1500,1600,1600,1600,1600,3674,1136,860,745.9193884194319,0.7880030007072492,1964.3859880006858,89.8339684267828
1791208829,10,,Aggregated,10.400000,0.000000,980,1300,1300,1300,1400,1400,1500,1600,1600,1600,1600,3674,1136,860,745.9193884194319,0.7880030007072492,1964.3859880006858,89.8339684267828
1791208830,10,GET,/cpu,10.500000,0.000000,1200,1300,1300,1300,1400,1400,1500,1600,1600,1600,1600,3683,1136,860,746.621176647296,0.7880030007072492,1964.3859880006858,89.7244094488189
1791208830,10,,Aggregated,10.500000,0.000000,1200,1300,1300,1300,1400,1400,1500,1600,1600,1600,1600,3683,1136,860,746.621176647296,0.7880030007072492,1964.3859880006858,89.7244094488189
1791208831,10,GET,/cpu,10.500000,0.000000,980,1300,1300,1300,1400,1400,1600,1600,1600,1600,1600,3693,1136,870,747.3998920484676,0.7880030007072492,1964.3859880006858,89.60330354725156
1791208831,10,,Aggregated,10.500000,0.000000,980,1300,1300,1300,1400,1400,1600,1600,1600,1600,1600,3693,1136,870,747.3998920484676,0.7880030007072492,1964.3859880006858,89.60330354725156
1791208832,10,GET,/cpu,10.500000,0.000000,1200,1300,1300,1300,1400,1400,1600,1600,1600,1600,1600,3702,1136,870,748.233166292002,0.7880030007072492,1964.3859880006858,89.49486763911399
1791208832,10,,Aggregated,10.500000,0.000000,1200,1300,1300,1300,1400,1400,1600,1600,1600,1600,1600,3702,1136,870,748.233166292002,0.7880030007072492,1964.3859880006858,89.49486763911399
1791208833,10,GET,/cpu,10.400000,0.000000,1100,1300,1300,1300,1400,1400,1600,1600,1600,1600,1600,3711,1136,870,748.8632340008063,0.7880030007072492,1964.3859880006858,89.38695769334412
1791208833,10,,Aggregated,10.400000,0.000000,1100,1300,1300,1300,1400,1400,1600,1600,1600,1600,1600,3711,1136,870,748.8632340008063,0.7880030007072492,1964.3859880006858,89.38695769334412
1791208834,10,GET,/cpu,10.200000,0.000000,970,1200,1300,1300,1300,1400,1400,1400,1400,1400,1400,3720,1136,870,749.5127157637075,0.7880030007072492,1964.3859880006858,89.27956989247312
1791208834,10,,Aggregated,10.200000,0.000000,970,1200,1300,1300,1300,1400,1400,1400,1400,1400,1400,3720,1136,870,749.5127157637075,0.7880030007072492,1964.3859880006858,89.27956989247312
1791208835,10,GET,/cpu,9.400000,0.000000,1100,1200,1300,1300,1300,1400,1400,1400,1400,1400,1400,3731,1136,870,750.4867754918229,0.7880030007072492,1964.3859880006858,89.14902170999731
1791208835,10,,Aggregated,9.400000,0.000000,1100,1200,1300,1300,1300,1400,1400,1400,1400,1400,1400,3731,1136,870,750.4867754918229,0.7880030007072492,1964.3859880006858,89.14902170999731
1791208836,10,GET,/cpu,9.000000,0.000000,960,1200,1300,1300,1300,1300,1400,1400,1400,1400,1400,3740,1136,870,750.9404753171098,0.7880030007072492,1964.3859880006858,89.0427807486631
1791208836,10,,Aggregated,9.000000,0.000000,960,1200,1300,1300,1300,1300,1400,1400,1400,1400,1400,3740,1136,870,750.9404753171098,0.7880030007072492,1964.3859880006858,89.0427807486631
1791208837,10,GET,/cpu,9.100000,0.000000,1100,1200,1300,1300,1300,1300,1400,1400,1400,1400,1400,3749,1136,870,751.7087310458763,0.7880030007072492,1964.3859880006858,88.93704987996799
1791208837,10,,Aggregated,9.100000,0.000000,1100,1200,1300,1300,1300,1300,1400,1400,1400,1400,1400,3749,1136,870,751.7087310458763,0.7880030007072492,1964.3859880006858,88.93704987996799
1791208838,10,GET,/cpu,9.400000,0.000000,960,1200,1300,1300,1300,1300,1400,1400,1400,1400,1400,3760,1136,870,752.457647519412,0.7880030007072492,1964.3859880006858,88.80851063829788
1791208838,10,,Aggregated,9.400000,0.000000,960,1200,1300,1300,1300,1300,1400,1400,1400,1400,1400,3760,1136,870,752.457647519412,0.7880030007072492,1964.3859880006858,88.80851063829788
1791208839,10,GET,/cpu,9.400000,0.000000,1100,1200,1300,1300,1300,1300,1400,1400,1400,1400,1400,3768,1136,870,753.0119909989355,0.7880030007072492,1964.3859880006858,88.71549893842888
1791208839,10,,Aggregated,9.400000,0.000000,1100,1200,1300,1300,1300,1300,1400,1400,1400,1400,1400,3768,1136,870,753.0119909989355,0.7880030007072492,1964.3859880006858,88.71549893842888
1791208840,10,GET,/cpu,9.200000,0.000000,1100,1200,1300,1300,1300,1300,1400,1400,1400,1400,1400,3776,1136,870,753.7545851186416,0.7880030007072492,1964.3859880006858,88.62288135593221
1791208840,10,,Aggregated,9.200000,0.000000,1100,1200,1300,1300,1300,1300,1400,1400,1400,1400,1400,3776,1136,870,753.7545851186416,0.7880030007072492,1964.3859880006858,88.62288135593221
1791208841,10,GET,/cpu,9.500000,0.000000,960,1200,1300,1300,1300,1300,1400,1400,1400,1400,1400,3787,1136,870,754.5724870810641,0.7880030007072492,1964.3859880006858,88.49617111169792
1791208841,10,,Aggregated,9.500000,0.000000,960,1200,1300,1300,1300,1300,1400,1400,1400,1400,1400,3787,1136,870,754.5724870810641,0.7880030007072492,1964.3859880006858,88.49617111169792
1791208842,10,GET,/cpu,9.400000,0.000000,960,1200,1300,1300,1300,1400,1400,1400,1400,1400,1400,3795,1136,870,755.2311522574415,0.7880030007072492,1964.3859880006858,88.40447957839262
1791208842,10,,Aggregated,9.400000,0.000000,960,1200,1300,1300,1300,1400,1400,1400,1400,1400,1400,3795,1136,870,755.2311522574415,0.7880030007072492,1964.3859880006858,88.40447957839262
